node,component,uom_node_level,field_entries,spec_chapter,uom_spec_url,binding,open_findings,audit_status,acceptance
CADAssembly,CADGeometry,2,15,https://www.web3d.org/specifications/X3Dv4/ISO-IEC19775-1v4-IS/Part01/components/CADGeometry.html,https://www.web3d.org/specifications/X3Dv4/ISO-IEC19775-1v4-IS/Part01/components/CADGeometry.html#CADAssembly,generated_cpp_bindings/x3d/nodes/CADAssembly.hpp,,unverified,Normative field/interface semantics and host results require sign-off
CADFace,CADGeometry,2,13,https://www.web3d.org/specifications/X3Dv4/ISO-IEC19775-1v4-IS/Part01/components/CADGeometry.html,https://www.web3d.org/specifications/X3Dv4/ISO-IEC19775-1v4-IS/Part01/components/CADGeometry.html#CADFace,generated_cpp_bindings/x3d/nodes/CADFace.hpp,,unverified,Normative field/interface semantics and host results require sign-off
CADLayer,CADGeometry,2,15,https://www.web3d.org/specifications/X3Dv4/ISO-IEC19775-1v4-IS/Part01/components/CADGeometry.html,https://www.web3d.org/specifications/X3Dv4/ISO-IEC19775-1v4-IS/Part01/components/CADGeometry.html#CADLayer,generated_cpp_bindings/x3d/nodes/CADLayer.hpp,,unverified,Normative field/interface semantics and host results require sign-off
CADPart,CADGeometry,2,20,https://www.web3d.org/specifications/X3Dv4/ISO-IEC19775-1v4-IS/Part01/components/CADGeometry.html,https://www.web3d.org/specifications/X3Dv4/ISO-IEC19775-1v4-IS/Part01/components/CADGeometry.html#CADPart,generated_cpp_bindings/x3d/nodes/CADPart.hpp,,unverified,Normative field/interface semantics and host results require sign-off
IndexedQuadSet,CADGeometry,1,19,https://www.web3d.org/specifications/X3Dv4/ISO-IEC19775-1v4-IS/Part01/components/CADGeometry.html,https://www.web3d.org/specifications/X3Dv4/ISO-IEC19775-1v4-IS/Part01/components/CADGeometry.html#IndexedQuadSet,generated_cpp_bindings/x3d/nodes/IndexedQuadSet.hpp,,unverified,Normative field/interface semantics and host results require sign-off
QuadSet,CADGeometry,1,17,https://www.web3d.org/specifications/X3Dv4/ISO-IEC19775-1v4-IS/Part01/components/CADGeometry.html,https://www.web3d.org/specifications/X3Dv4/ISO-IEC19775-1v4-IS/Part01/components/CADGeometry.html#QuadSet,generated_cpp_bindings/x3d/nodes/QuadSet.hpp,,unverified,Normative field/interface semantics and host results require sign-off
MetadataBoolean,Core,1,10,https://www.web3d.org/specifications/X3Dv4/ISO-IEC19775-1v4-IS/Part01/components/core.html,https://www.web3d.org/specifications/X3Dv4/ISO-IEC19775-1v4-IS/Part01/components/core.html#MetadataBoolean,generated_cpp_bindings/x3d/nodes/MetadataBoolean.hpp,,unverified,Normative field/interface semantics and host results require sign-off
MetadataDouble,Core,1,10,https://www.web3d.org/specifications/X3Dv4/ISO-IEC19775-1v4-IS/Part01/components/core.html,https://www.web3d.org/specifications/X3Dv4/ISO-IEC19775-1v4-IS/Part01/components/core.html#MetadataDouble,generated_cpp_bindings/x3d/nodes/MetadataDouble.hpp,,unverified,Normative field/interface semantics and host results require sign-off
MetadataFloat,Core,1,10,https://www.web3d.org/specifications/X3Dv4/ISO-IEC19775-1v4-IS/Part01/components/core.html,https://www.web3d.org/specifications/X3Dv4/ISO-IEC19775-1v4-IS/Part01/components/core.html#MetadataFloat,generated_cpp_bindings/x3d/nodes/MetadataFloat.hpp,,unverified,Normative field/interface semantics and host results require sign-off
MetadataInteger,Core,1,10,https://www.web3d.org/specifications/X3Dv4/ISO-IEC19775-1v4-IS/Part01/components/core.html,https://www.web3d.org/specifications/X3Dv4/ISO-IEC19775-1v4-IS/Part01/components/core.html#MetadataInteger,generated_cpp_bindings/x3d/nodes/MetadataInteger.hpp,,unverified,Normative field/interface semantics and host results require sign-off
MetadataSet,Core,1,10,https://www.web3d.org/specifications/X3Dv4/ISO-IEC19775-1v4-IS/Part01/components/core.html,https://www.web3d.org/specifications/X3Dv4/ISO-IEC19775-1v4-IS/Part01/components/core.html#MetadataSet,generated_cpp_bindings/x3d/nodes/MetadataSet.hpp,,unverified,Normative field/interface semantics and host results require sign-off
MetadataString,Core,1,10,https://www.web3d.org/specifications/X3Dv4/ISO-IEC19775-1v4-IS/Part01/components/core.html,https://www.web3d.org/specifications/X3Dv4/ISO-IEC19775-1v4-IS/Part01/components/core.html#MetadataString,generated_cpp_bindings/x3d/nodes/MetadataString.hpp,,unverified,Normative field/interface semantics and host results require sign-off
ProtoInstance,Core,2,9,https://www.web3d.org/specifications/X3Dv4/ISO-IEC19775-1v4-IS/Part01/components/core.html,https://www.web3d.org/documents/specifications/19776-1/V3.3/Part01/concepts.html#ProtoInstanceAndFieldValueStatement,generated_cpp_bindings/x3d/nodes/ProtoInstance.hpp,ENC-PROTO-APPINFO,recorded_gap,Normative field/interface semantics and host results require sign-off
WorldInfo,Core,1,9,https://www.web3d.org/specifications/X3Dv4/ISO-IEC19775-1v4-IS/Part01/components/core.html,https://www.web3d.org/specifications/X3Dv4/ISO-IEC19775-1v4-IS/Part01/components/core.html#WorldInfo,generated_cpp_bindings/x3d/nodes/WorldInfo.hpp,,unverified,Normative field/interface semantics and host results require sign-off
ComposedCubeMapTexture,CubeMapTexturing,1,15,https://www.web3d.org/specifications/X3Dv4/ISO-IEC19775-1v4-IS/Part01/components/environmentalTexturing.html,https://www.web3d.org/specifications/X3Dv4/ISO-IEC19775-1v4-IS/Part01/components/environmentalTexturing.html#ComposedCubeMapTexture,generated_cpp_bindings/x3d/nodes/ComposedCubeMapTexture.hpp,REQ-CUBE,recorded_gap,Normative field/interface semantics and host results require sign-off
GeneratedCubeMapTexture,CubeMapTexturing,3,11,https://www.web3d.org/specifications/X3Dv4/ISO-IEC19775-1v4-IS/Part01/components/environmentalTexturing.html,https://www.web3d.org/specifications/X3Dv4/ISO-IEC19775-1v4-IS/Part01/components/environmentalTexturing.html#GeneratedCubeMapTexture,generated_cpp_bindings/x3d/nodes/GeneratedCubeMapTexture.hpp,REQ-CUBE,recorded_gap,Normative field/interface semantics and host results require sign-off
ImageCubeMapTexture,CubeMapTexturing,2,13,https://www.web3d.org/specifications/X3Dv4/ISO-IEC19775-1v4-IS/Part01/components/environmentalTexturing.html,https://www.web3d.org/specifications/X3Dv4/ISO-IEC19775-1v4-IS/Part01/components/environmentalTexturing.html#ImageCubeMapTexture,generated_cpp_bindings/x3d/nodes/ImageCubeMapTexture.hpp,REQ-CUBE;REQ-FTP,recorded_gap,Normative field/interface semantics and host results require sign-off
DISEntityManager,DIS,2,14,https://www.web3d.org/specifications/X3Dv4/ISO-IEC19775-1v4-IS/Part01/components/dis.html,https://www.web3d.org/specifications/X3Dv4/ISO-IEC19775-1v4-IS/Part01/components/dis.html#DISEntityManager,generated_cpp_bindings/x3d/nodes/DISEntityManager.hpp,,unverified,Normative field/interface semantics and host results require sign-off
DISEntityTypeMapping,DIS,2,19,https://www.web3d.org/specifications/X3Dv4/ISO-IEC19775-1v4-IS/Part01/components/dis.html,https://www.web3d.org/specifications/X3Dv4/ISO-IEC19775-1v4-IS/Part01/components/dis.html#DISEntityTypeMapping,generated_cpp_bindings/x3d/nodes/DISEntityTypeMapping.hpp,REQ-FTP,recorded_gap,Normative field/interface semantics and host results require sign-off
EspduTransform,DIS,1,100,https://www.web3d.org/specifications/X3Dv4/ISO-IEC19775-1v4-IS/Part01/components/dis.html,https://www.web3d.org/specifications/X3Dv4/ISO-IEC19775-1v4-IS/Part01/components/dis.html#EspduTransform,generated_cpp_bindings/x3d/nodes/EspduTransform.hpp,NSN-10,recorded_gap,Normative field/interface semantics and host results require sign-off
ReceiverPdu,DIS,1,40,https://www.web3d.org/specifications/X3Dv4/ISO-IEC19775-1v4-IS/Part01/components/dis.html,https://www.web3d.org/specifications/X3Dv4/ISO-IEC19775-1v4-IS/Part01/components/dis.html#ReceiverPdu,generated_cpp_bindings/x3d/nodes/ReceiverPdu.hpp,NSN-10,recorded_gap,Normative field/interface semantics and host results require sign-off
SignalPdu,DIS,1,40,https://www.web3d.org/specifications/X3Dv4/ISO-IEC19775-1v4-IS/Part01/components/dis.html,https://www.web3d.org/specifications/X3Dv4/ISO-IEC19775-1v4-IS/Part01/components/dis.html#SignalPdu,generated_cpp_bindings/x3d/nodes/SignalPdu.hpp,NSN-10,recorded_gap,Normative field/interface semantics and host results require sign-off
TransmitterPdu,DIS,1,56,https://www.web3d.org/specifications/X3Dv4/ISO-IEC19775-1v4-IS/Part01/components/dis.html,https://www.web3d.org/specifications/X3Dv4/ISO-IEC19775-1v4-IS/Part01/components/dis.html#TransmitterPdu,generated_cpp_bindings/x3d/nodes/TransmitterPdu.hpp,NSN-10,recorded_gap,Normative field/interface semantics and host results require sign-off
Background,EnvironmentalEffects,1,21,https://www.web3d.org/specifications/X3Dv4/ISO-IEC19775-1v4-IS/Part01/components/environmentalEffects.html,https://www.web3d.org/specifications/X3Dv4/ISO-IEC19775-1v4-IS/Part01/components/environmentalEffects.html#Background,generated_cpp_bindings/x3d/nodes/Background.hpp,,unverified,Normative field/interface semantics and host results require sign-off
Fog,EnvironmentalEffects,2,13,https://www.web3d.org/specifications/X3Dv4/ISO-IEC19775-1v4-IS/Part01/components/environmentalEffects.html,https://www.web3d.org/specifications/X3Dv4/ISO-IEC19775-1v4-IS/Part01/components/environmentalEffects.html#Fog,generated_cpp_bindings/x3d/nodes/Fog.hpp,,unverified,Normative field/interface semantics and host results require sign-off
FogCoordinate,EnvironmentalEffects,4,8,https://www.web3d.org/specifications/X3Dv4/ISO-IEC19775-1v4-IS/Part01/components/environmentalEffects.html,https://www.web3d.org/specifications/X3Dv4/ISO-IEC19775-1v4-IS/Part01/components/environmentalEffects.html#FogCoordinate,generated_cpp_bindings/x3d/nodes/FogCoordinate.hpp,REQ-LOCALFOG,recorded_gap,Normative field/interface semantics and host results require sign-off
LocalFog,EnvironmentalEffects,4,11,https://www.web3d.org/specifications/X3Dv4/ISO-IEC19775-1v4-IS/Part01/components/environmentalEffects.html,https://www.web3d.org/specifications/X3Dv4/ISO-IEC19775-1v4-IS/Part01/components/environmentalEffects.html#LocalFog,generated_cpp_bindings/x3d/nodes/LocalFog.hpp,REQ-LOCALFOG,recorded_gap,Normative field/interface semantics and host results require sign-off
TextureBackground,EnvironmentalEffects,3,21,https://www.web3d.org/specifications/X3Dv4/ISO-IEC19775-1v4-IS/Part01/components/environmentalEffects.html,https://www.web3d.org/specifications/X3Dv4/ISO-IEC19775-1v4-IS/Part01/components/environmentalEffects.html#TextureBackground,generated_cpp_bindings/x3d/nodes/TextureBackground.hpp,,unverified,Normative field/interface semantics and host results require sign-off
ProximitySensor,EnvironmentalSensor,1,17,https://www.web3d.org/specifications/X3Dv4/ISO-IEC19775-1v4-IS/Part01/components/environmentalSensor.html,https://www.web3d.org/specifications/X3Dv4/ISO-IEC19775-1v4-IS/Part01/components/environmentalSensor.html#ProximitySensor,generated_cpp_bindings/x3d/nodes/ProximitySensor.hpp,,unverified,Normative field/interface semantics and host results require sign-off
TransformSensor,EnvironmentalSensor,3,17,https://www.web3d.org/specifications/X3Dv4/ISO-IEC19775-1v4-IS/Part01/components/environmentalSensor.html,https://www.web3d.org/specifications/X3Dv4/ISO-IEC19775-1v4-IS/Part01/components/environmentalSensor.html#TransformSensor,generated_cpp_bindings/x3d/nodes/TransformSensor.hpp,,unverified,Normative field/interface semantics and host results require sign-off
VisibilitySensor,EnvironmentalSensor,2,14,https://www.web3d.org/specifications/X3Dv4/ISO-IEC19775-1v4-IS/Part01/components/environmentalSensor.html,https://www.web3d.org/specifications/X3Dv4/ISO-IEC19775-1v4-IS/Part01/components/environmentalSensor.html#VisibilitySensor,generated_cpp_bindings/x3d/nodes/VisibilitySensor.hpp,,unverified,Normative field/interface semantics and host results require sign-off
BooleanFilter,EventUtilities,1,11,https://www.web3d.org/specifications/X3Dv4/ISO-IEC19775-1v4-IS/Part01/components/eventUtilities.html,https://www.web3d.org/specifications/X3Dv4/ISO-IEC19775-1v4-IS/Part01/components/eventUtilities.html#BooleanFilter,generated_cpp_bindings/x3d/nodes/BooleanFilter.hpp,,unverified,Normative field/interface semantics and host results require sign-off
BooleanSequencer,EventUtilities,1,13,https://www.web3d.org/specifications/X3Dv4/ISO-IEC19775-1v4-IS/Part01/components/eventUtilities.html,https://www.web3d.org/specifications/X3Dv4/ISO-IEC19775-1v4-IS/Part01/components/eventUtilities.html#BooleanSequencer,generated_cpp_bindings/x3d/nodes/BooleanSequencer.hpp,,unverified,Normative field/interface semantics and host results require sign-off
BooleanToggle,EventUtilities,1,9,https://www.web3d.org/specifications/X3Dv4/ISO-IEC19775-1v4-IS/Part01/components/eventUtilities.html,https://www.web3d.org/specifications/X3Dv4/ISO-IEC19775-1v4-IS/Part01/components/eventUtilities.html#BooleanToggle,generated_cpp_bindings/x3d/nodes/BooleanToggle.hpp,,unverified,Normative field/interface semantics and host results require sign-off
BooleanTrigger,EventUtilities,1,9,https://www.web3d.org/specifications/X3Dv4/ISO-IEC19775-1v4-IS/Part01/components/eventUtilities.html,https://www.web3d.org/specifications/X3Dv4/ISO-IEC19775-1v4-IS/Part01/components/eventUtilities.html#BooleanTrigger,generated_cpp_bindings/x3d/nodes/BooleanTrigger.hpp,,unverified,Normative field/interface semantics and host results require sign-off
IntegerSequencer,EventUtilities,1,13,https://www.web3d.org/specifications/X3Dv4/ISO-IEC19775-1v4-IS/Part01/components/eventUtilities.html,https://www.web3d.org/specifications/X3Dv4/ISO-IEC19775-1v4-IS/Part01/components/eventUtilities.html#IntegerSequencer,generated_cpp_bindings/x3d/nodes/IntegerSequencer.hpp,,unverified,Normative field/interface semantics and host results require sign-off
IntegerTrigger,EventUtilities,1,10,https://www.web3d.org/specifications/X3Dv4/ISO-IEC19775-1v4-IS/Part01/components/eventUtilities.html,https://www.web3d.org/specifications/X3Dv4/ISO-IEC19775-1v4-IS/Part01/components/eventUtilities.html#IntegerTrigger,generated_cpp_bindings/x3d/nodes/IntegerTrigger.hpp,,unverified,Normative field/interface semantics and host results require sign-off
TimeTrigger,EventUtilities,1,9,https://www.web3d.org/specifications/X3Dv4/ISO-IEC19775-1v4-IS/Part01/components/eventUtilities.html,https://www.web3d.org/specifications/X3Dv4/ISO-IEC19775-1v4-IS/Part01/components/eventUtilities.html#TimeTrigger,generated_cpp_bindings/x3d/nodes/TimeTrigger.hpp,,unverified,Normative field/interface semantics and host results require sign-off
ColorChaser,Followers,1,14,https://www.web3d.org/specifications/X3Dv4/ISO-IEC19775-1v4-IS/Part01/components/followers.html,https://www.web3d.org/specifications/X3Dv4/ISO-IEC19775-1v4-IS/Part01/components/followers.html#ColorChaser,generated_cpp_bindings/x3d/nodes/ColorChaser.hpp,,unverified,Normative field/interface semantics and host results require sign-off
ColorDamper,Followers,1,16,https://www.web3d.org/specifications/X3Dv4/ISO-IEC19775-1v4-IS/Part01/components/followers.html,https://www.web3d.org/specifications/X3Dv4/ISO-IEC19775-1v4-IS/Part01/components/followers.html#ColorDamper,generated_cpp_bindings/x3d/nodes/ColorDamper.hpp,,unverified,Normative field/interface semantics and host results require sign-off
CoordinateChaser,Followers,1,14,https://www.web3d.org/specifications/X3Dv4/ISO-IEC19775-1v4-IS/Part01/components/followers.html,https://www.web3d.org/specifications/X3Dv4/ISO-IEC19775-1v4-IS/Part01/components/followers.html#CoordinateChaser,generated_cpp_bindings/x3d/nodes/CoordinateChaser.hpp,,unverified,Normative field/interface semantics and host results require sign-off
CoordinateDamper,Followers,1,16,https://www.web3d.org/specifications/X3Dv4/ISO-IEC19775-1v4-IS/Part01/components/followers.html,https://www.web3d.org/specifications/X3Dv4/ISO-IEC19775-1v4-IS/Part01/components/followers.html#CoordinateDamper,generated_cpp_bindings/x3d/nodes/CoordinateDamper.hpp,,unverified,Normative field/interface semantics and host results require sign-off
OrientationChaser,Followers,1,14,https://www.web3d.org/specifications/X3Dv4/ISO-IEC19775-1v4-IS/Part01/components/followers.html,https://www.web3d.org/specifications/X3Dv4/ISO-IEC19775-1v4-IS/Part01/components/followers.html#OrientationChaser,generated_cpp_bindings/x3d/nodes/OrientationChaser.hpp,,unverified,Normative field/interface semantics and host results require sign-off
OrientationDamper,Followers,1,16,https://www.web3d.org/specifications/X3Dv4/ISO-IEC19775-1v4-IS/Part01/components/followers.html,https://www.web3d.org/specifications/X3Dv4/ISO-IEC19775-1v4-IS/Part01/components/followers.html#OrientationDamper,generated_cpp_bindings/x3d/nodes/OrientationDamper.hpp,,unverified,Normative field/interface semantics and host results require sign-off
PositionChaser,Followers,1,14,https://www.web3d.org/specifications/X3Dv4/ISO-IEC19775-1v4-IS/Part01/components/followers.html,https://www.web3d.org/specifications/X3Dv4/ISO-IEC19775-1v4-IS/Part01/components/followers.html#PositionChaser,generated_cpp_bindings/x3d/nodes/PositionChaser.hpp,,unverified,Normative field/interface semantics and host results require sign-off
PositionChaser2D,Followers,1,14,https://www.web3d.org/specifications/X3Dv4/ISO-IEC19775-1v4-IS/Part01/components/followers.html,https://www.web3d.org/specifications/X3Dv4/ISO-IEC19775-1v4-IS/Part01/components/followers.html#PositionChaser2D,generated_cpp_bindings/x3d/nodes/PositionChaser2D.hpp,,unverified,Normative field/interface semantics and host results require sign-off
PositionDamper,Followers,1,16,https://www.web3d.org/specifications/X3Dv4/ISO-IEC19775-1v4-IS/Part01/components/followers.html,https://www.web3d.org/specifications/X3Dv4/ISO-IEC19775-1v4-IS/Part01/components/followers.html#PositionDamper,generated_cpp_bindings/x3d/nodes/PositionDamper.hpp,,unverified,Normative field/interface semantics and host results require sign-off
PositionDamper2D,Followers,1,16,https://www.web3d.org/specifications/X3Dv4/ISO-IEC19775-1v4-IS/Part01/components/followers.html,https://www.web3d.org/specifications/X3Dv4/ISO-IEC19775-1v4-IS/Part01/components/followers.html#PositionDamper2D,generated_cpp_bindings/x3d/nodes/PositionDamper2D.hpp,,unverified,Normative field/interface semantics and host results require sign-off
ScalarChaser,Followers,1,14,https://www.web3d.org/specifications/X3Dv4/ISO-IEC19775-1v4-IS/Part01/components/followers.html,https://www.web3d.org/specifications/X3Dv4/ISO-IEC19775-1v4-IS/Part01/components/followers.html#ScalarChaser,generated_cpp_bindings/x3d/nodes/ScalarChaser.hpp,,unverified,Normative field/interface semantics and host results require sign-off
ScalarDamper,Followers,1,16,https://www.web3d.org/specifications/X3Dv4/ISO-IEC19775-1v4-IS/Part01/components/followers.html,https://www.web3d.org/specifications/X3Dv4/ISO-IEC19775-1v4-IS/Part01/components/followers.html#ScalarDamper,generated_cpp_bindings/x3d/nodes/ScalarDamper.hpp,,unverified,Normative field/interface semantics and host results require sign-off
TexCoordChaser2D,Followers,1,14,https://www.web3d.org/specifications/X3Dv4/ISO-IEC19775-1v4-IS/Part01/components/followers.html,https://www.web3d.org/specifications/X3Dv4/ISO-IEC19775-1v4-IS/Part01/components/followers.html#TexCoordChaser2D,generated_cpp_bindings/x3d/nodes/TexCoordChaser2D.hpp,,unverified,Normative field/interface semantics and host results require sign-off
TexCoordDamper2D,Followers,1,16,https://www.web3d.org/specifications/X3Dv4/ISO-IEC19775-1v4-IS/Part01/components/followers.html,https://www.web3d.org/specifications/X3Dv4/ISO-IEC19775-1v4-IS/Part01/components/followers.html#TexCoordDamper2D,generated_cpp_bindings/x3d/nodes/TexCoordDamper2D.hpp,,unverified,Normative field/interface semantics and host results require sign-off
Arc2D,Geometry2D,2,10,https://www.web3d.org/specifications/X3Dv4/ISO-IEC19775-1v4-IS/Part01/components/geometry2D.html,https://www.web3d.org/specifications/X3Dv4/ISO-IEC19775-1v4-IS/Part01/components/geometry2D.html#Arc2D,generated_cpp_bindings/x3d/nodes/Arc2D.hpp,,unverified,Normative field/interface semantics and host results require sign-off
ArcClose2D,Geometry2D,2,12,https://www.web3d.org/specifications/X3Dv4/ISO-IEC19775-1v4-IS/Part01/components/geometry2D.html,https://www.web3d.org/specifications/X3Dv4/ISO-IEC19775-1v4-IS/Part01/components/geometry2D.html#ArcClose2D,generated_cpp_bindings/x3d/nodes/ArcClose2D.hpp,,unverified,Normative field/interface semantics and host results require sign-off
Circle2D,Geometry2D,2,8,https://www.web3d.org/specifications/X3Dv4/ISO-IEC19775-1v4-IS/Part01/components/geometry2D.html,https://www.web3d.org/specifications/X3Dv4/ISO-IEC19775-1v4-IS/Part01/components/geometry2D.html#Circle2D,generated_cpp_bindings/x3d/nodes/Circle2D.hpp,,unverified,Normative field/interface semantics and host results require sign-off
Disk2D,Geometry2D,2,10,https://www.web3d.org/specifications/X3Dv4/ISO-IEC19775-1v4-IS/Part01/components/geometry2D.html,https://www.web3d.org/specifications/X3Dv4/ISO-IEC19775-1v4-IS/Part01/components/geometry2D.html#Disk2D,generated_cpp_bindings/x3d/nodes/Disk2D.hpp,,unverified,Normative field/interface semantics and host results require sign-off
Polyline2D,Geometry2D,1,8,https://www.web3d.org/specifications/X3Dv4/ISO-IEC19775-1v4-IS/Part01/components/geometry2D.html,https://www.web3d.org/specifications/X3Dv4/ISO-IEC19775-1v4-IS/Part01/components/geometry2D.html#Polyline2D,generated_cpp_bindings/x3d/nodes/Polyline2D.hpp,,unverified,Normative field/interface semantics and host results require sign-off
Polypoint2D,Geometry2D,1,8,https://www.web3d.org/specifications/X3Dv4/ISO-IEC19775-1v4-IS/Part01/components/geometry2D.html,https://www.web3d.org/specifications/X3Dv4/ISO-IEC19775-1v4-IS/Part01/components/geometry2D.html#Polypoint2D,generated_cpp_bindings/x3d/nodes/Polypoint2D.hpp,,unverified,Normative field/interface semantics and host results require sign-off
Rectangle2D,Geometry2D,1,9,https://www.web3d.org/specifications/X3Dv4/ISO-IEC19775-1v4-IS/Part01/components/geometry2D.html,https://www.web3d.org/specifications/X3Dv4/ISO-IEC19775-1v4-IS/Part01/components/geometry2D.html#Rectangle2D,generated_cpp_bindings/x3d/nodes/Rectangle2D.hpp,,unverified,Normative field/interface semantics and host results require sign-off
TriangleSet2D,Geometry2D,1,9,https://www.web3d.org/specifications/X3Dv4/ISO-IEC19775-1v4-IS/Part01/components/geometry2D.html,https://www.web3d.org/specifications/X3Dv4/ISO-IEC19775-1v4-IS/Part01/components/geometry2D.html#TriangleSet2D,generated_cpp_bindings/x3d/nodes/TriangleSet2D.hpp,,unverified,Normative field/interface semantics and host results require sign-off
Box,Geometry3D,1,9,https://www.web3d.org/specifications/X3Dv4/ISO-IEC19775-1v4-IS/Part01/components/geometry3D.html,https://www.web3d.org/specifications/X3Dv4/ISO-IEC19775-1v4-IS/Part01/components/geometry3D.html#Box,generated_cpp_bindings/x3d/nodes/Box.hpp,REQ-UNIT,recorded_gap,Normative field/interface semantics and host results require sign-off
Cone,Geometry3D,1,12,https://www.web3d.org/specifications/X3Dv4/ISO-IEC19775-1v4-IS/Part01/components/geometry3D.html,https://www.web3d.org/specifications/X3Dv4/ISO-IEC19775-1v4-IS/Part01/components/geometry3D.html#Cone,generated_cpp_bindings/x3d/nodes/Cone.hpp,,unverified,Normative field/interface semantics and host results require sign-off
Cylinder,Geometry3D,1,13,https://www.web3d.org/specifications/X3Dv4/ISO-IEC19775-1v4-IS/Part01/components/geometry3D.html,https://www.web3d.org/specifications/X3Dv4/ISO-IEC19775-1v4-IS/Part01/components/geometry3D.html#Cylinder,generated_cpp_bindings/x3d/nodes/Cylinder.hpp,,unverified,Normative field/interface semantics and host results require sign-off
ElevationGrid,Geometry3D,3,23,https://www.web3d.org/specifications/X3Dv4/ISO-IEC19775-1v4-IS/Part01/components/geometry3D.html,https://www.web3d.org/specifications/X3Dv4/ISO-IEC19775-1v4-IS/Part01/components/geometry3D.html#ElevationGrid,generated_cpp_bindings/x3d/nodes/ElevationGrid.hpp,,unverified,Normative field/interface semantics and host results require sign-off
Extrusion,Geometry3D,4,21,https://www.web3d.org/specifications/X3Dv4/ISO-IEC19775-1v4-IS/Part01/components/geometry3D.html,https://www.web3d.org/specifications/X3Dv4/ISO-IEC19775-1v4-IS/Part01/components/geometry3D.html#Extrusion,generated_cpp_bindings/x3d/nodes/Extrusion.hpp,,unverified,Normative field/interface semantics and host results require sign-off
IndexedFaceSet,Geometry3D,2,27,https://www.web3d.org/specifications/X3Dv4/ISO-IEC19775-1v4-IS/Part01/components/geometry3D.html,https://www.web3d.org/specifications/X3Dv4/ISO-IEC19775-1v4-IS/Part01/components/geometry3D.html#IndexedFaceSet,generated_cpp_bindings/x3d/nodes/IndexedFaceSet.hpp,,unverified,Normative field/interface semantics and host results require sign-off
Sphere,Geometry3D,1,9,https://www.web3d.org/specifications/X3Dv4/ISO-IEC19775-1v4-IS/Part01/components/geometry3D.html,https://www.web3d.org/specifications/X3Dv4/ISO-IEC19775-1v4-IS/Part01/components/geometry3D.html#Sphere,generated_cpp_bindings/x3d/nodes/Sphere.hpp,,unverified,Normative field/interface semantics and host results require sign-off
GeoCoordinate,Geospatial,1,10,https://www.web3d.org/specifications/X3Dv4/ISO-IEC19775-1v4-IS/Part01/components/geospatial.html,https://www.web3d.org/specifications/X3Dv4/ISO-IEC19775-1v4-IS/Part01/components/geospatial.html#GeoCoordinate,generated_cpp_bindings/x3d/nodes/GeoCoordinate.hpp,,unverified,Normative field/interface semantics and host results require sign-off
GeoElevationGrid,Geospatial,1,25,https://www.web3d.org/specifications/X3Dv4/ISO-IEC19775-1v4-IS/Part01/components/geospatial.html,https://www.web3d.org/specifications/X3Dv4/ISO-IEC19775-1v4-IS/Part01/components/geospatial.html#GeoElevationGrid,generated_cpp_bindings/x3d/nodes/GeoElevationGrid.hpp,,unverified,Normative field/interface semantics and host results require sign-off
GeoLOD,Geospatial,1,23,https://www.web3d.org/specifications/X3Dv4/ISO-IEC19775-1v4-IS/Part01/components/geospatial.html,https://www.web3d.org/specifications/X3Dv4/ISO-IEC19775-1v4-IS/Part01/components/geospatial.html#GeoLOD,generated_cpp_bindings/x3d/nodes/GeoLOD.hpp,,unverified,Normative field/interface semantics and host results require sign-off
GeoLocation,Geospatial,1,17,https://www.web3d.org/specifications/X3Dv4/ISO-IEC19775-1v4-IS/Part01/components/geospatial.html,https://www.web3d.org/specifications/X3Dv4/ISO-IEC19775-1v4-IS/Part01/components/geospatial.html#GeoLocation,generated_cpp_bindings/x3d/nodes/GeoLocation.hpp,,unverified,Normative field/interface semantics and host results require sign-off
GeoMetadata,Geospatial,1,14,https://www.web3d.org/specifications/X3Dv4/ISO-IEC19775-1v4-IS/Part01/components/geospatial.html,https://www.web3d.org/specifications/X3Dv4/ISO-IEC19775-1v4-IS/Part01/components/geospatial.html#GeoMetadata,generated_cpp_bindings/x3d/nodes/GeoMetadata.hpp,REQ-FTP,recorded_gap,Normative field/interface semantics and host results require sign-off
GeoOrigin,Geospatial,1,10,https://www.web3d.org/specifications/X3Dv4/ISO-IEC19775-1v4-IS/Part01/components/geospatial.html,https://www.web3d.org/specifications/X3Dv4/ISO-IEC19775-1v4-IS/Part01/components/geospatial.html#GeoOrigin,generated_cpp_bindings/x3d/nodes/GeoOrigin.hpp,,unverified,Normative field/interface semantics and host results require sign-off
GeoPositionInterpolator,Geospatial,1,14,https://www.web3d.org/specifications/X3Dv4/ISO-IEC19775-1v4-IS/Part01/components/geospatial.html,https://www.web3d.org/specifications/X3Dv4/ISO-IEC19775-1v4-IS/Part01/components/geospatial.html#GeoPositionInterpolator,generated_cpp_bindings/x3d/nodes/GeoPositionInterpolator.hpp,,unverified,Normative field/interface semantics and host results require sign-off
GeoProximitySensor,Geospatial,2,21,https://www.web3d.org/specifications/X3Dv4/ISO-IEC19775-1v4-IS/Part01/components/geospatial.html,https://www.web3d.org/specifications/X3Dv4/ISO-IEC19775-1v4-IS/Part01/components/geospatial.html#GeoProximitySensor,generated_cpp_bindings/x3d/nodes/GeoProximitySensor.hpp,,unverified,Normative field/interface semantics and host results require sign-off
GeoTouchSensor,Geospatial,1,18,https://www.web3d.org/specifications/X3Dv4/ISO-IEC19775-1v4-IS/Part01/components/geospatial.html,https://www.web3d.org/specifications/X3Dv4/ISO-IEC19775-1v4-IS/Part01/components/geospatial.html#GeoTouchSensor,generated_cpp_bindings/x3d/nodes/GeoTouchSensor.hpp,,unverified,Normative field/interface semantics and host results require sign-off
GeoTransform,Geospatial,2,21,https://www.web3d.org/specifications/X3Dv4/ISO-IEC19775-1v4-IS/Part01/components/geospatial.html,https://www.web3d.org/specifications/X3Dv4/ISO-IEC19775-1v4-IS/Part01/components/geospatial.html#GeoTransform,generated_cpp_bindings/x3d/nodes/GeoTransform.hpp,,unverified,Normative field/interface semantics and host results require sign-off
GeoViewpoint,Geospatial,1,24,https://www.web3d.org/specifications/X3Dv4/ISO-IEC19775-1v4-IS/Part01/components/geospatial.html,https://www.web3d.org/specifications/X3Dv4/ISO-IEC19775-1v4-IS/Part01/components/geospatial.html#GeoViewpoint,generated_cpp_bindings/x3d/nodes/GeoViewpoint.hpp,,unverified,Normative field/interface semantics and host results require sign-off
Group,Grouping,1,14,https://www.web3d.org/specifications/X3Dv4/ISO-IEC19775-1v4-IS/Part01/components/grouping.html,https://www.web3d.org/specifications/X3Dv4/ISO-IEC19775-1v4-IS/Part01/components/grouping.html#Group,generated_cpp_bindings/x3d/nodes/Group.hpp,,unverified,Normative field/interface semantics and host results require sign-off
StaticGroup,Grouping,3,12,https://www.web3d.org/specifications/X3Dv4/ISO-IEC19775-1v4-IS/Part01/components/grouping.html,https://www.web3d.org/specifications/X3Dv4/ISO-IEC19775-1v4-IS/Part01/components/grouping.html#StaticGroup,generated_cpp_bindings/x3d/nodes/StaticGroup.hpp,,unverified,Normative field/interface semantics and host results require sign-off
Switch,Grouping,2,15,https://www.web3d.org/specifications/X3Dv4/ISO-IEC19775-1v4-IS/Part01/components/grouping.html,https://www.web3d.org/specifications/X3Dv4/ISO-IEC19775-1v4-IS/Part01/components/grouping.html#Switch,generated_cpp_bindings/x3d/nodes/Switch.hpp,,unverified,Normative field/interface semantics and host results require sign-off
Transform,Grouping,1,19,https://www.web3d.org/specifications/X3Dv4/ISO-IEC19775-1v4-IS/Part01/components/grouping.html,https://www.web3d.org/specifications/X3Dv4/ISO-IEC19775-1v4-IS/Part01/components/grouping.html#Transform,generated_cpp_bindings/x3d/nodes/Transform.hpp,REQ-UNIT,recorded_gap,Normative field/interface semantics and host results require sign-off
HAnimDisplacer,HAnim,1,12,https://www.web3d.org/specifications/X3Dv4/ISO-IEC19775-1v4-IS/Part01/components/hanim.html,https://www.web3d.org/specifications/X3Dv4/ISO-IEC19775-1v4-IS/Part01/components/hanim.html#HAnimDisplacer,generated_cpp_bindings/x3d/nodes/HAnimDisplacer.hpp,,unverified,Normative field/interface semantics and host results require sign-off
HAnimHumanoid,HAnim,1,37,https://www.web3d.org/specifications/X3Dv4/ISO-IEC19775-1v4-IS/Part01/components/hanim.html,https://www.web3d.org/specifications/X3Dv4/ISO-IEC19775-1v4-IS/Part01/components/hanim.html#HAnimHumanoid,generated_cpp_bindings/x3d/nodes/HAnimHumanoid.hpp,,unverified,Normative field/interface semantics and host results require sign-off
HAnimJoint,HAnim,1,28,https://www.web3d.org/specifications/X3Dv4/ISO-IEC19775-1v4-IS/Part01/components/hanim.html,https://www.web3d.org/specifications/X3Dv4/ISO-IEC19775-1v4-IS/Part01/components/hanim.html#HAnimJoint,generated_cpp_bindings/x3d/nodes/HAnimJoint.hpp,,unverified,Normative field/interface semantics and host results require sign-off
HAnimMotion,HAnim,2,26,https://www.web3d.org/specifications/X3Dv4/ISO-IEC19775-1v4-IS/Part01/components/hanim.html,https://www.web3d.org/specifications/X3Dv4/ISO-IEC19775-1v4-IS/Part01/components/hanim.html#HAnimMotion,generated_cpp_bindings/x3d/nodes/HAnimMotion.hpp,,unverified,Normative field/interface semantics and host results require sign-off
HAnimSegment,HAnim,1,21,https://www.web3d.org/specifications/X3Dv4/ISO-IEC19775-1v4-IS/Part01/components/hanim.html,https://www.web3d.org/specifications/X3Dv4/ISO-IEC19775-1v4-IS/Part01/components/hanim.html#HAnimSegment,generated_cpp_bindings/x3d/nodes/HAnimSegment.hpp,,unverified,Normative field/interface semantics and host results require sign-off
HAnimSite,HAnim,1,21,https://www.web3d.org/specifications/X3Dv4/ISO-IEC19775-1v4-IS/Part01/components/hanim.html,https://www.web3d.org/specifications/X3Dv4/ISO-IEC19775-1v4-IS/Part01/components/hanim.html#HAnimSite,generated_cpp_bindings/x3d/nodes/HAnimSite.hpp,,unverified,Normative field/interface semantics and host results require sign-off
ColorInterpolator,Interpolation,2,11,https://www.web3d.org/specifications/X3Dv4/ISO-IEC19775-1v4-IS/Part01/components/interpolators.html,https://www.web3d.org/specifications/X3Dv4/ISO-IEC19775-1v4-IS/Part01/components/interpolators.html#ColorInterpolator,generated_cpp_bindings/x3d/nodes/ColorInterpolator.hpp,,unverified,Normative field/interface semantics and host results require sign-off
CoordinateInterpolator,Interpolation,1,11,https://www.web3d.org/specifications/X3Dv4/ISO-IEC19775-1v4-IS/Part01/components/interpolators.html,https://www.web3d.org/specifications/X3Dv4/ISO-IEC19775-1v4-IS/Part01/components/interpolators.html#CoordinateInterpolator,generated_cpp_bindings/x3d/nodes/CoordinateInterpolator.hpp,,unverified,Normative field/interface semantics and host results require sign-off
CoordinateInterpolator2D,Interpolation,3,11,https://www.web3d.org/specifications/X3Dv4/ISO-IEC19775-1v4-IS/Part01/components/interpolators.html,https://www.web3d.org/specifications/X3Dv4/ISO-IEC19775-1v4-IS/Part01/components/interpolators.html#CoordinateInterpolator2D,generated_cpp_bindings/x3d/nodes/CoordinateInterpolator2D.hpp,,unverified,Normative field/interface semantics and host results require sign-off
EaseInEaseOut,Interpolation,4,11,https://www.web3d.org/specifications/X3Dv4/ISO-IEC19775-1v4-IS/Part01/components/interpolators.html,https://www.web3d.org/specifications/X3Dv4/ISO-IEC19775-1v4-IS/Part01/components/interpolators.html#EaseInEaseOut,generated_cpp_bindings/x3d/nodes/EaseInEaseOut.hpp,,unverified,Normative field/interface semantics and host results require sign-off
NormalInterpolator,Interpolation,2,11,https://www.web3d.org/specifications/X3Dv4/ISO-IEC19775-1v4-IS/Part01/components/interpolators.html,https://www.web3d.org/specifications/X3Dv4/ISO-IEC19775-1v4-IS/Part01/components/interpolators.html#NormalInterpolator,generated_cpp_bindings/x3d/nodes/NormalInterpolator.hpp,,unverified,Normative field/interface semantics and host results require sign-off
OrientationInterpolator,Interpolation,1,11,https://www.web3d.org/specifications/X3Dv4/ISO-IEC19775-1v4-IS/Part01/components/interpolators.html,https://www.web3d.org/specifications/X3Dv4/ISO-IEC19775-1v4-IS/Part01/components/interpolators.html#OrientationInterpolator,generated_cpp_bindings/x3d/nodes/OrientationInterpolator.hpp,,unverified,Normative field/interface semantics and host results require sign-off
PositionInterpolator,Interpolation,1,11,https://www.web3d.org/specifications/X3Dv4/ISO-IEC19775-1v4-IS/Part01/components/interpolators.html,https://www.web3d.org/specifications/X3Dv4/ISO-IEC19775-1v4-IS/Part01/components/interpolators.html#PositionInterpolator,generated_cpp_bindings/x3d/nodes/PositionInterpolator.hpp,,unverified,Normative field/interface semantics and host results require sign-off
PositionInterpolator2D,Interpolation,3,11,https://www.web3d.org/specifications/X3Dv4/ISO-IEC19775-1v4-IS/Part01/components/interpolators.html,https://www.web3d.org/specifications/X3Dv4/ISO-IEC19775-1v4-IS/Part01/components/interpolators.html#PositionInterpolator2D,generated_cpp_bindings/x3d/nodes/PositionInterpolator2D.hpp,,unverified,Normative field/interface semantics and host results require sign-off
ScalarInterpolator,Interpolation,1,11,https://www.web3d.org/specifications/X3Dv4/ISO-IEC19775-1v4-IS/Part01/components/interpolators.html,https://www.web3d.org/specifications/X3Dv4/ISO-IEC19775-1v4-IS/Part01/components/interpolators.html#ScalarInterpolator,generated_cpp_bindings/x3d/nodes/ScalarInterpolator.hpp,,unverified,Normative field/interface semantics and host results require sign-off
SplinePositionInterpolator,Interpolation,4,14,https://www.web3d.org/specifications/X3Dv4/ISO-IEC19775-1v4-IS/Part01/components/interpolators.html,https://www.web3d.org/specifications/X3Dv4/ISO-IEC19775-1v4-IS/Part01/components/interpolators.html#SplinePositionInterpolator,generated_cpp_bindings/x3d/nodes/SplinePositionInterpolator.hpp,,unverified,Normative field/interface semantics and host results require sign-off
SplinePositionInterpolator2D,Interpolation,4,14,https://www.web3d.org/specifications/X3Dv4/ISO-IEC19775-1v4-IS/Part01/components/interpolators.html,https://www.web3d.org/specifications/X3Dv4/ISO-IEC19775-1v4-IS/Part01/components/interpolators.html#SplinePositionInterpolator2D,generated_cpp_bindings/x3d/nodes/SplinePositionInterpolator2D.hpp,,unverified,Normative field/interface semantics and host results require sign-off
SplineScalarInterpolator,Interpolation,4,14,https://www.web3d.org/specifications/X3Dv4/ISO-IEC19775-1v4-IS/Part01/components/interpolators.html,https://www.web3d.org/specifications/X3Dv4/ISO-IEC19775-1v4-IS/Part01/components/interpolators.html#SplineScalarInterpolator,generated_cpp_bindings/x3d/nodes/SplineScalarInterpolator.hpp,,unverified,Normative field/interface semantics and host results require sign-off
SquadOrientationInterpolator,Interpolation,5,12,https://www.web3d.org/specifications/X3Dv4/ISO-IEC19775-1v4-IS/Part01/components/interpolators.html,https://www.web3d.org/specifications/X3Dv4/ISO-IEC19775-1v4-IS/Part01/components/interpolators.html#SquadOrientationInterpolator,generated_cpp_bindings/x3d/nodes/SquadOrientationInterpolator.hpp,,unverified,Normative field/interface semantics and host results require sign-off
KeySensor,KeyDeviceSensor,1,17,https://www.web3d.org/specifications/X3Dv4/ISO-IEC19775-1v4-IS/Part01/components/keyDeviceSensor.html,https://www.web3d.org/specifications/X3Dv4/ISO-IEC19775-1v4-IS/Part01/components/keyDeviceSensor.html#KeySensor,generated_cpp_bindings/x3d/nodes/KeySensor.hpp,,unverified,Normative field/interface semantics and host results require sign-off
StringSensor,KeyDeviceSensor,2,13,https://www.web3d.org/specifications/X3Dv4/ISO-IEC19775-1v4-IS/Part01/components/keyDeviceSensor.html,https://www.web3d.org/specifications/X3Dv4/ISO-IEC19775-1v4-IS/Part01/components/keyDeviceSensor.html#StringSensor,generated_cpp_bindings/x3d/nodes/StringSensor.hpp,,unverified,Normative field/interface semantics and host results require sign-off
Layer,Layering,1,14,https://www.web3d.org/specifications/X3Dv4/ISO-IEC19775-1v4-IS/Part01/components/layering.html,https://www.web3d.org/specifications/X3Dv4/ISO-IEC19775-1v4-IS/Part01/components/layering.html#Layer,generated_cpp_bindings/x3d/nodes/Layer.hpp,LAY-3;REQ-LAYER,recorded_gap,Normative field/interface semantics and host results require sign-off
LayerSet,Layering,1,10,https://www.web3d.org/specifications/X3Dv4/ISO-IEC19775-1v4-IS/Part01/components/layering.html,https://www.web3d.org/specifications/X3Dv4/ISO-IEC19775-1v4-IS/Part01/components/layering.html#LayerSet,generated_cpp_bindings/x3d/nodes/LayerSet.hpp,REQ-LAYER,recorded_gap,Normative field/interface semantics and host results require sign-off
Viewport,Layering,1,15,https://www.web3d.org/specifications/X3Dv4/ISO-IEC19775-1v4-IS/Part01/components/layering.html,https://www.web3d.org/specifications/X3Dv4/ISO-IEC19775-1v4-IS/Part01/components/layering.html#Viewport,generated_cpp_bindings/x3d/nodes/Viewport.hpp,LAY-3;VIEWPORT-CLIP,recorded_gap,Normative field/interface semantics and host results require sign-off
Layout,Layout,1,13,https://www.web3d.org/specifications/X3Dv4/ISO-IEC19775-1v4-IS/Part01/components/layout.html,https://www.web3d.org/specifications/X3Dv4/ISO-IEC19775-1v4-IS/Part01/components/layout.html#Layout,generated_cpp_bindings/x3d/nodes/Layout.hpp,REQ-LAYOUT,recorded_gap,Normative field/interface semantics and host results require sign-off
LayoutGroup,Layout,1,16,https://www.web3d.org/specifications/X3Dv4/ISO-IEC19775-1v4-IS/Part01/components/layout.html,https://www.web3d.org/specifications/X3Dv4/ISO-IEC19775-1v4-IS/Part01/components/layout.html#LayoutGroup,generated_cpp_bindings/x3d/nodes/LayoutGroup.hpp,REQ-LAYOUT,recorded_gap,Normative field/interface semantics and host results require sign-off
LayoutLayer,Layout,1,15,https://www.web3d.org/specifications/X3Dv4/ISO-IEC19775-1v4-IS/Part01/components/layout.html,https://www.web3d.org/specifications/X3Dv4/ISO-IEC19775-1v4-IS/Part01/components/layout.html#LayoutLayer,generated_cpp_bindings/x3d/nodes/LayoutLayer.hpp,REQ-LAYOUT,recorded_gap,Normative field/interface semantics and host results require sign-off
ScreenFontStyle,Layout,2,15,https://www.web3d.org/specifications/X3Dv4/ISO-IEC19775-1v4-IS/Part01/components/layout.html,https://www.web3d.org/specifications/X3Dv4/ISO-IEC19775-1v4-IS/Part01/components/layout.html#ScreenFontStyle,generated_cpp_bindings/x3d/nodes/ScreenFontStyle.hpp,REQ-LAYOUT,recorded_gap,Normative field/interface semantics and host results require sign-off
ScreenGroup,Layout,2,14,https://www.web3d.org/specifications/X3Dv4/ISO-IEC19775-1v4-IS/Part01/components/layout.html,https://www.web3d.org/specifications/X3Dv4/ISO-IEC19775-1v4-IS/Part01/components/layout.html#ScreenGroup,generated_cpp_bindings/x3d/nodes/ScreenGroup.hpp,REQ-LAYOUT,recorded_gap,Normative field/interface semantics and host results require sign-off
DirectionalLight,Lighting,1,15,https://www.web3d.org/specifications/X3Dv4/ISO-IEC19775-1v4-IS/Part01/components/lighting.html,https://www.web3d.org/specifications/X3Dv4/ISO-IEC19775-1v4-IS/Part01/components/lighting.html#DirectionalLight,generated_cpp_bindings/x3d/nodes/DirectionalLight.hpp,REQ-SHADOW,recorded_gap,Normative field/interface semantics and host results require sign-off
PointLight,Lighting,2,17,https://www.web3d.org/specifications/X3Dv4/ISO-IEC19775-1v4-IS/Part01/components/lighting.html,https://www.web3d.org/specifications/X3Dv4/ISO-IEC19775-1v4-IS/Part01/components/lighting.html#PointLight,generated_cpp_bindings/x3d/nodes/PointLight.hpp,REQ-SHADOW,recorded_gap,Normative field/interface semantics and host results require sign-off
SpotLight,Lighting,2,20,https://www.web3d.org/specifications/X3Dv4/ISO-IEC19775-1v4-IS/Part01/components/lighting.html,https://www.web3d.org/specifications/X3Dv4/ISO-IEC19775-1v4-IS/Part01/components/lighting.html#SpotLight,generated_cpp_bindings/x3d/nodes/SpotLight.hpp,REQ-SHADOW,recorded_gap,Normative field/interface semantics and host results require sign-off
Contour2D,NURBS,4,10,https://www.web3d.org/specifications/X3Dv4/ISO-IEC19775-1v4-IS/Part01/components/nurbs.html,https://www.web3d.org/specifications/X3Dv4/ISO-IEC19775-1v4-IS/Part01/components/nurbs.html#Contour2D,generated_cpp_bindings/x3d/nodes/Contour2D.hpp,,unverified,Normative field/interface semantics and host results require sign-off
ContourPolyline2D,NURBS,3,8,https://www.web3d.org/specifications/X3Dv4/ISO-IEC19775-1v4-IS/Part01/components/nurbs.html,https://www.web3d.org/specifications/X3Dv4/ISO-IEC19775-1v4-IS/Part01/components/nurbs.html#ContourPolyline2D,generated_cpp_bindings/x3d/nodes/ContourPolyline2D.hpp,,unverified,Normative field/interface semantics and host results require sign-off
NurbsCurve,NURBS,1,13,https://www.web3d.org/specifications/X3Dv4/ISO-IEC19775-1v4-IS/Part01/components/nurbs.html,https://www.web3d.org/specifications/X3Dv4/ISO-IEC19775-1v4-IS/Part01/components/nurbs.html#NurbsCurve,generated_cpp_bindings/x3d/nodes/NurbsCurve.hpp,,unverified,Normative field/interface semantics and host results require sign-off
NurbsCurve2D,NURBS,3,13,https://www.web3d.org/specifications/X3Dv4/ISO-IEC19775-1v4-IS/Part01/components/nurbs.html,https://www.web3d.org/specifications/X3Dv4/ISO-IEC19775-1v4-IS/Part01/components/nurbs.html#NurbsCurve2D,generated_cpp_bindings/x3d/nodes/NurbsCurve2D.hpp,,unverified,Normative field/interface semantics and host results require sign-off
NurbsOrientationInterpolator,NURBS,1,13,https://www.web3d.org/specifications/X3Dv4/ISO-IEC19775-1v4-IS/Part01/components/nurbs.html,https://www.web3d.org/specifications/X3Dv4/ISO-IEC19775-1v4-IS/Part01/components/nurbs.html#NurbsOrientationInterpolator,generated_cpp_bindings/x3d/nodes/NurbsOrientationInterpolator.hpp,,unverified,Normative field/interface semantics and host results require sign-off
NurbsPatchSurface,NURBS,1,21,https://www.web3d.org/specifications/X3Dv4/ISO-IEC19775-1v4-IS/Part01/components/nurbs.html,https://www.web3d.org/specifications/X3Dv4/ISO-IEC19775-1v4-IS/Part01/components/nurbs.html#NurbsPatchSurface,generated_cpp_bindings/x3d/nodes/NurbsPatchSurface.hpp,NRB-3,recorded_gap,Normative field/interface semantics and host results require sign-off
NurbsPositionInterpolator,NURBS,1,13,https://www.web3d.org/specifications/X3Dv4/ISO-IEC19775-1v4-IS/Part01/components/nurbs.html,https://www.web3d.org/specifications/X3Dv4/ISO-IEC19775-1v4-IS/Part01/components/nurbs.html#NurbsPositionInterpolator,generated_cpp_bindings/x3d/nodes/NurbsPositionInterpolator.hpp,,unverified,Normative field/interface semantics and host results require sign-off
NurbsSet,NURBS,2,15,https://www.web3d.org/specifications/X3Dv4/ISO-IEC19775-1v4-IS/Part01/components/nurbs.html,https://www.web3d.org/specifications/X3Dv4/ISO-IEC19775-1v4-IS/Part01/components/nurbs.html#NurbsSet,generated_cpp_bindings/x3d/nodes/NurbsSet.hpp,,unverified,Normative field/interface semantics and host results require sign-off
NurbsSurfaceInterpolator,NURBS,1,18,https://www.web3d.org/specifications/X3Dv4/ISO-IEC19775-1v4-IS/Part01/components/nurbs.html,https://www.web3d.org/specifications/X3Dv4/ISO-IEC19775-1v4-IS/Part01/components/nurbs.html#NurbsSurfaceInterpolator,generated_cpp_bindings/x3d/nodes/NurbsSurfaceInterpolator.hpp,,unverified,Normative field/interface semantics and host results require sign-off
NurbsSweptSurface,NURBS,3,11,https://www.web3d.org/specifications/X3Dv4/ISO-IEC19775-1v4-IS/Part01/components/nurbs.html,https://www.web3d.org/specifications/X3Dv4/ISO-IEC19775-1v4-IS/Part01/components/nurbs.html#NurbsSweptSurface,generated_cpp_bindings/x3d/nodes/NurbsSweptSurface.hpp,NRB-3,recorded_gap,Normative field/interface semantics and host results require sign-off
NurbsSwungSurface,NURBS,3,11,https://www.web3d.org/specifications/X3Dv4/ISO-IEC19775-1v4-IS/Part01/components/nurbs.html,https://www.web3d.org/specifications/X3Dv4/ISO-IEC19775-1v4-IS/Part01/components/nurbs.html#NurbsSwungSurface,generated_cpp_bindings/x3d/nodes/NurbsSwungSurface.hpp,NRB-3,recorded_gap,Normative field/interface semantics and host results require sign-off
NurbsTextureCoordinate,NURBS,1,15,https://www.web3d.org/specifications/X3Dv4/ISO-IEC19775-1v4-IS/Part01/components/nurbs.html,https://www.web3d.org/specifications/X3Dv4/ISO-IEC19775-1v4-IS/Part01/components/nurbs.html#NurbsTextureCoordinate,generated_cpp_bindings/x3d/nodes/NurbsTextureCoordinate.hpp,,unverified,Normative field/interface semantics and host results require sign-off
NurbsTrimmedSurface,NURBS,4,24,https://www.web3d.org/specifications/X3Dv4/ISO-IEC19775-1v4-IS/Part01/components/nurbs.html,https://www.web3d.org/specifications/X3Dv4/ISO-IEC19775-1v4-IS/Part01/components/nurbs.html#NurbsTrimmedSurface,generated_cpp_bindings/x3d/nodes/NurbsTrimmedSurface.hpp,NRB-3,recorded_gap,Normative field/interface semantics and host results require sign-off
Billboard,Navigation,2,15,https://www.web3d.org/specifications/X3Dv4/ISO-IEC19775-1v4-IS/Part01/components/navigation.html,https://www.web3d.org/specifications/X3Dv4/ISO-IEC19775-1v4-IS/Part01/components/navigation.html#Billboard,generated_cpp_bindings/x3d/nodes/Billboard.hpp,,unverified,Normative field/interface semantics and host results require sign-off
Collision,Navigation,2,19,https://www.web3d.org/specifications/X3Dv4/ISO-IEC19775-1v4-IS/Part01/components/navigation.html,https://www.web3d.org/specifications/X3Dv4/ISO-IEC19775-1v4-IS/Part01/components/navigation.html#Collision,generated_cpp_bindings/x3d/nodes/Collision.hpp,,unverified,Normative field/interface semantics and host results require sign-off
LOD,Navigation,2,18,https://www.web3d.org/specifications/X3Dv4/ISO-IEC19775-1v4-IS/Part01/components/navigation.html,https://www.web3d.org/specifications/X3Dv4/ISO-IEC19775-1v4-IS/Part01/components/navigation.html#LOD,generated_cpp_bindings/x3d/nodes/LOD.hpp,,unverified,Normative field/interface semantics and host results require sign-off
NavigationInfo,Navigation,1,18,https://www.web3d.org/specifications/X3Dv4/ISO-IEC19775-1v4-IS/Part01/components/navigation.html,https://www.web3d.org/specifications/X3Dv4/ISO-IEC19775-1v4-IS/Part01/components/navigation.html#NavigationInfo,generated_cpp_bindings/x3d/nodes/NavigationInfo.hpp,,unverified,Normative field/interface semantics and host results require sign-off
OrthoViewpoint,Navigation,3,21,https://www.web3d.org/specifications/X3Dv4/ISO-IEC19775-1v4-IS/Part01/components/navigation.html,https://www.web3d.org/specifications/X3Dv4/ISO-IEC19775-1v4-IS/Part01/components/navigation.html#OrthoViewpoint,generated_cpp_bindings/x3d/nodes/OrthoViewpoint.hpp,,unverified,Normative field/interface semantics and host results require sign-off
Viewpoint,Navigation,1,21,https://www.web3d.org/specifications/X3Dv4/ISO-IEC19775-1v4-IS/Part01/components/navigation.html,https://www.web3d.org/specifications/X3Dv4/ISO-IEC19775-1v4-IS/Part01/components/navigation.html#Viewpoint,generated_cpp_bindings/x3d/nodes/Viewpoint.hpp,REQ-UNIT,recorded_gap,Normative field/interface semantics and host results require sign-off
ViewpointGroup,Navigation,3,13,https://www.web3d.org/specifications/X3Dv4/ISO-IEC19775-1v4-IS/Part01/components/navigation.html,https://www.web3d.org/specifications/X3Dv4/ISO-IEC19775-1v4-IS/Part01/components/navigation.html#ViewpointGroup,generated_cpp_bindings/x3d/nodes/ViewpointGroup.hpp,,unverified,Normative field/interface semantics and host results require sign-off
Anchor,Networking,2,20,https://www.web3d.org/specifications/X3Dv4/ISO-IEC19775-1v4-IS/Part01/components/networking.html,https://www.web3d.org/specifications/X3Dv4/ISO-IEC19775-1v4-IS/Part01/components/networking.html#Anchor,generated_cpp_bindings/x3d/nodes/Anchor.hpp,REQ-FTP,recorded_gap,Normative field/interface semantics and host results require sign-off
Inline,Networking,2,17,https://www.web3d.org/specifications/X3Dv4/ISO-IEC19775-1v4-IS/Part01/components/networking.html,https://www.web3d.org/specifications/X3Dv4/ISO-IEC19775-1v4-IS/Part01/components/networking.html#Inline,generated_cpp_bindings/x3d/nodes/Inline.hpp,REQ-FTP,recorded_gap,Normative field/interface semantics and host results require sign-off
LoadSensor,Networking,3,15,https://www.web3d.org/specifications/X3Dv4/ISO-IEC19775-1v4-IS/Part01/components/networking.html,https://www.web3d.org/specifications/X3Dv4/ISO-IEC19775-1v4-IS/Part01/components/networking.html#LoadSensor,generated_cpp_bindings/x3d/nodes/LoadSensor.hpp,,unverified,Normative field/interface semantics and host results require sign-off
BoundedPhysicsModel,ParticleSystems,2,9,https://www.web3d.org/specifications/X3Dv4/ISO-IEC19775-1v4-IS/Part01/components/particleSystems.html,https://www.web3d.org/specifications/X3Dv4/ISO-IEC19775-1v4-IS/Part01/components/particleSystems.html#BoundedPhysicsModel,generated_cpp_bindings/x3d/nodes/BoundedPhysicsModel.hpp,PRT-1,recorded_gap,Normative field/interface semantics and host results require sign-off
ConeEmitter,ParticleSystems,1,15,https://www.web3d.org/specifications/X3Dv4/ISO-IEC19775-1v4-IS/Part01/components/particleSystems.html,https://www.web3d.org/specifications/X3Dv4/ISO-IEC19775-1v4-IS/Part01/components/particleSystems.html#ConeEmitter,generated_cpp_bindings/x3d/nodes/ConeEmitter.hpp,PRT-1,recorded_gap,Normative field/interface semantics and host results require sign-off
ExplosionEmitter,ParticleSystems,1,13,https://www.web3d.org/specifications/X3Dv4/ISO-IEC19775-1v4-IS/Part01/components/particleSystems.html,https://www.web3d.org/specifications/X3Dv4/ISO-IEC19775-1v4-IS/Part01/components/particleSystems.html#ExplosionEmitter,generated_cpp_bindings/x3d/nodes/ExplosionEmitter.hpp,PRT-1,recorded_gap,Normative field/interface semantics and host results require sign-off
ForcePhysicsModel,ParticleSystems,1,9,https://www.web3d.org/specifications/X3Dv4/ISO-IEC19775-1v4-IS/Part01/components/particleSystems.html,https://www.web3d.org/specifications/X3Dv4/ISO-IEC19775-1v4-IS/Part01/components/particleSystems.html#ForcePhysicsModel,generated_cpp_bindings/x3d/nodes/ForcePhysicsModel.hpp,PRT-1,recorded_gap,Normative field/interface semantics and host results require sign-off
ParticleSystem,ParticleSystems,2,28,https://www.web3d.org/specifications/X3Dv4/ISO-IEC19775-1v4-IS/Part01/components/particleSystems.html,https://www.web3d.org/specifications/X3Dv4/ISO-IEC19775-1v4-IS/Part01/components/particleSystems.html#ParticleSystem,generated_cpp_bindings/x3d/nodes/ParticleSystem.hpp,PRT-1,recorded_gap,Normative field/interface semantics and host results require sign-off
PointEmitter,ParticleSystems,1,14,https://www.web3d.org/specifications/X3Dv4/ISO-IEC19775-1v4-IS/Part01/components/particleSystems.html,https://www.web3d.org/specifications/X3Dv4/ISO-IEC19775-1v4-IS/Part01/components/particleSystems.html#PointEmitter,generated_cpp_bindings/x3d/nodes/PointEmitter.hpp,PRT-1,recorded_gap,Normative field/interface semantics and host results require sign-off
PolylineEmitter,ParticleSystems,1,16,https://www.web3d.org/specifications/X3Dv4/ISO-IEC19775-1v4-IS/Part01/components/particleSystems.html,https://www.web3d.org/specifications/X3Dv4/ISO-IEC19775-1v4-IS/Part01/components/particleSystems.html#PolylineEmitter,generated_cpp_bindings/x3d/nodes/PolylineEmitter.hpp,PRT-1,recorded_gap,Normative field/interface semantics and host results require sign-off
SurfaceEmitter,ParticleSystems,2,13,https://www.web3d.org/specifications/X3Dv4/ISO-IEC19775-1v4-IS/Part01/components/particleSystems.html,https://www.web3d.org/specifications/X3Dv4/ISO-IEC19775-1v4-IS/Part01/components/particleSystems.html#SurfaceEmitter,generated_cpp_bindings/x3d/nodes/SurfaceEmitter.hpp,PRT-1,recorded_gap,Normative field/interface semantics and host results require sign-off
VolumeEmitter,ParticleSystems,2,17,https://www.web3d.org/specifications/X3Dv4/ISO-IEC19775-1v4-IS/Part01/components/particleSystems.html,https://www.web3d.org/specifications/X3Dv4/ISO-IEC19775-1v4-IS/Part01/components/particleSystems.html#VolumeEmitter,generated_cpp_bindings/x3d/nodes/VolumeEmitter.hpp,PRT-1,recorded_gap,Normative field/interface semantics and host results require sign-off
WindPhysicsModel,ParticleSystems,1,12,https://www.web3d.org/specifications/X3Dv4/ISO-IEC19775-1v4-IS/Part01/components/particleSystems.html,https://www.web3d.org/specifications/X3Dv4/ISO-IEC19775-1v4-IS/Part01/components/particleSystems.html#WindPhysicsModel,generated_cpp_bindings/x3d/nodes/WindPhysicsModel.hpp,PRT-1,recorded_gap,Normative field/interface semantics and host results require sign-off
LinePickSensor,Picking,1,20,https://www.web3d.org/specifications/X3Dv4/ISO-IEC19775-1v4-IS/Part01/components/picking.html,https://www.web3d.org/specifications/X3Dv4/ISO-IEC19775-1v4-IS/Part01/components/picking.html#LinePickSensor,generated_cpp_bindings/x3d/nodes/LinePickSensor.hpp,CONF-PICKSENSOR,recorded_gap,Normative field/interface semantics and host results require sign-off
PickableGroup,Picking,1,17,https://www.web3d.org/specifications/X3Dv4/ISO-IEC19775-1v4-IS/Part01/components/picking.html,https://www.web3d.org/specifications/X3Dv4/ISO-IEC19775-1v4-IS/Part01/components/picking.html#PickableGroup,generated_cpp_bindings/x3d/nodes/PickableGroup.hpp,,unverified,Normative field/interface semantics and host results require sign-off
PointPickSensor,Picking,1,18,https://www.web3d.org/specifications/X3Dv4/ISO-IEC19775-1v4-IS/Part01/components/picking.html,https://www.web3d.org/specifications/X3Dv4/ISO-IEC19775-1v4-IS/Part01/components/picking.html#PointPickSensor,generated_cpp_bindings/x3d/nodes/PointPickSensor.hpp,CONF-PICKSENSOR,recorded_gap,Normative field/interface semantics and host results require sign-off
PrimitivePickSensor,Picking,2,17,https://www.web3d.org/specifications/X3Dv4/ISO-IEC19775-1v4-IS/Part01/components/picking.html,https://www.web3d.org/specifications/X3Dv4/ISO-IEC19775-1v4-IS/Part01/components/picking.html#PrimitivePickSensor,generated_cpp_bindings/x3d/nodes/PrimitivePickSensor.hpp,CONF-PICKSENSOR,recorded_gap,Normative field/interface semantics and host results require sign-off
VolumePickSensor,Picking,3,17,https://www.web3d.org/specifications/X3Dv4/ISO-IEC19775-1v4-IS/Part01/components/picking.html,https://www.web3d.org/specifications/X3Dv4/ISO-IEC19775-1v4-IS/Part01/components/picking.html#VolumePickSensor,generated_cpp_bindings/x3d/nodes/VolumePickSensor.hpp,CONF-PICKSENSOR,recorded_gap,Normative field/interface semantics and host results require sign-off
CylinderSensor,PointingDeviceSensor,1,19,https://www.web3d.org/specifications/X3Dv4/ISO-IEC19775-1v4-IS/Part01/components/pointingDeviceSensor.html,https://www.web3d.org/specifications/X3Dv4/ISO-IEC19775-1v4-IS/Part01/components/pointingDeviceSensor.html#CylinderSensor,generated_cpp_bindings/x3d/nodes/CylinderSensor.hpp,,unverified,Normative field/interface semantics and host results require sign-off
PlaneSensor,PointingDeviceSensor,1,18,https://www.web3d.org/specifications/X3Dv4/ISO-IEC19775-1v4-IS/Part01/components/pointingDeviceSensor.html,https://www.web3d.org/specifications/X3Dv4/ISO-IEC19775-1v4-IS/Part01/components/pointingDeviceSensor.html#PlaneSensor,generated_cpp_bindings/x3d/nodes/PlaneSensor.hpp,,unverified,Normative field/interface semantics and host results require sign-off
SphereSensor,PointingDeviceSensor,1,15,https://www.web3d.org/specifications/X3Dv4/ISO-IEC19775-1v4-IS/Part01/components/pointingDeviceSensor.html,https://www.web3d.org/specifications/X3Dv4/ISO-IEC19775-1v4-IS/Part01/components/pointingDeviceSensor.html#SphereSensor,generated_cpp_bindings/x3d/nodes/SphereSensor.hpp,,unverified,Normative field/interface semantics and host results require sign-off
TouchSensor,PointingDeviceSensor,1,15,https://www.web3d.org/specifications/X3Dv4/ISO-IEC19775-1v4-IS/Part01/components/pointingDeviceSensor.html,https://www.web3d.org/specifications/X3Dv4/ISO-IEC19775-1v4-IS/Part01/components/pointingDeviceSensor.html#TouchSensor,generated_cpp_bindings/x3d/nodes/TouchSensor.hpp,,unverified,Normative field/interface semantics and host results require sign-off
ClipPlane,Rendering,5,9,https://www.web3d.org/specifications/X3Dv4/ISO-IEC19775-1v4-IS/Part01/components/rendering.html,https://www.web3d.org/specifications/X3Dv4/ISO-IEC19775-1v4-IS/Part01/components/rendering.html#ClipPlane,generated_cpp_bindings/x3d/nodes/ClipPlane.hpp,,unverified,Normative field/interface semantics and host results require sign-off
Color,Rendering,1,8,https://www.web3d.org/specifications/X3Dv4/ISO-IEC19775-1v4-IS/Part01/components/rendering.html,https://www.web3d.org/specifications/X3Dv4/ISO-IEC19775-1v4-IS/Part01/components/rendering.html#Color,generated_cpp_bindings/x3d/nodes/Color.hpp,,unverified,Normative field/interface semantics and host results require sign-off
ColorRGBA,Rendering,1,8,https://www.web3d.org/specifications/X3Dv4/ISO-IEC19775-1v4-IS/Part01/components/rendering.html,https://www.web3d.org/specifications/X3Dv4/ISO-IEC19775-1v4-IS/Part01/components/rendering.html#ColorRGBA,generated_cpp_bindings/x3d/nodes/ColorRGBA.hpp,,unverified,Normative field/interface semantics and host results require sign-off
Coordinate,Rendering,1,8,https://www.web3d.org/specifications/X3Dv4/ISO-IEC19775-1v4-IS/Part01/components/rendering.html,https://www.web3d.org/specifications/X3Dv4/ISO-IEC19775-1v4-IS/Part01/components/rendering.html#Coordinate,generated_cpp_bindings/x3d/nodes/Coordinate.hpp,,unverified,Normative field/interface semantics and host results require sign-off
CoordinateDouble,Rendering,1,8,https://www.web3d.org/specifications/X3Dv4/ISO-IEC19775-1v4-IS/Part01/components/rendering.html,https://www.web3d.org/specifications/X3Dv4/ISO-IEC19775-1v4-IS/Part01/components/nurbs.html#CoordinateDouble,generated_cpp_bindings/x3d/nodes/CoordinateDouble.hpp,,unverified,Normative field/interface semantics and host results require sign-off
IndexedLineSet,Rendering,1,17,https://www.web3d.org/specifications/X3Dv4/ISO-IEC19775-1v4-IS/Part01/components/rendering.html,https://www.web3d.org/specifications/X3Dv4/ISO-IEC19775-1v4-IS/Part01/components/rendering.html#IndexedLineSet,generated_cpp_bindings/x3d/nodes/IndexedLineSet.hpp,,unverified,Normative field/interface semantics and host results require sign-off
IndexedTriangleFanSet,Rendering,3,19,https://www.web3d.org/specifications/X3Dv4/ISO-IEC19775-1v4-IS/Part01/components/rendering.html,https://www.web3d.org/specifications/X3Dv4/ISO-IEC19775-1v4-IS/Part01/components/rendering.html#IndexedTriangleFanSet,generated_cpp_bindings/x3d/nodes/IndexedTriangleFanSet.hpp,,unverified,Normative field/interface semantics and host results require sign-off
IndexedTriangleSet,Rendering,3,19,https://www.web3d.org/specifications/X3Dv4/ISO-IEC19775-1v4-IS/Part01/components/rendering.html,https://www.web3d.org/specifications/X3Dv4/ISO-IEC19775-1v4-IS/Part01/components/rendering.html#IndexedTriangleSet,generated_cpp_bindings/x3d/nodes/IndexedTriangleSet.hpp,,unverified,Normative field/interface semantics and host results require sign-off
IndexedTriangleStripSet,Rendering,3,19,https://www.web3d.org/specifications/X3Dv4/ISO-IEC19775-1v4-IS/Part01/components/rendering.html,https://www.web3d.org/specifications/X3Dv4/ISO-IEC19775-1v4-IS/Part01/components/rendering.html#IndexedTriangleStripSet,generated_cpp_bindings/x3d/nodes/IndexedTriangleStripSet.hpp,,unverified,Normative field/interface semantics and host results require sign-off
LineSet,Rendering,1,13,https://www.web3d.org/specifications/X3Dv4/ISO-IEC19775-1v4-IS/Part01/components/rendering.html,https://www.web3d.org/specifications/X3Dv4/ISO-IEC19775-1v4-IS/Part01/components/rendering.html#LineSet,generated_cpp_bindings/x3d/nodes/LineSet.hpp,,unverified,Normative field/interface semantics and host results require sign-off
Normal,Rendering,2,8,https://www.web3d.org/specifications/X3Dv4/ISO-IEC19775-1v4-IS/Part01/components/rendering.html,https://www.web3d.org/specifications/X3Dv4/ISO-IEC19775-1v4-IS/Part01/components/rendering.html#Normal,generated_cpp_bindings/x3d/nodes/Normal.hpp,,unverified,Normative field/interface semantics and host results require sign-off
PointSet,Rendering,1,12,https://www.web3d.org/specifications/X3Dv4/ISO-IEC19775-1v4-IS/Part01/components/rendering.html,https://www.web3d.org/specifications/X3Dv4/ISO-IEC19775-1v4-IS/Part01/components/rendering.html#PointSet,generated_cpp_bindings/x3d/nodes/PointSet.hpp,,unverified,Normative field/interface semantics and host results require sign-off
TriangleFanSet,Rendering,3,18,https://www.web3d.org/specifications/X3Dv4/ISO-IEC19775-1v4-IS/Part01/components/rendering.html,https://www.web3d.org/specifications/X3Dv4/ISO-IEC19775-1v4-IS/Part01/components/rendering.html#TriangleFanSet,generated_cpp_bindings/x3d/nodes/TriangleFanSet.hpp,,unverified,Normative field/interface semantics and host results require sign-off
TriangleSet,Rendering,3,17,https://www.web3d.org/specifications/X3Dv4/ISO-IEC19775-1v4-IS/Part01/components/rendering.html,https://www.web3d.org/specifications/X3Dv4/ISO-IEC19775-1v4-IS/Part01/components/rendering.html#TriangleSet,generated_cpp_bindings/x3d/nodes/TriangleSet.hpp,,unverified,Normative field/interface semantics and host results require sign-off
TriangleStripSet,Rendering,3,18,https://www.web3d.org/specifications/X3Dv4/ISO-IEC19775-1v4-IS/Part01/components/rendering.html,https://www.web3d.org/specifications/X3Dv4/ISO-IEC19775-1v4-IS/Part01/components/rendering.html#TriangleStripSet,generated_cpp_bindings/x3d/nodes/TriangleStripSet.hpp,,unverified,Normative field/interface semantics and host results require sign-off
BallJoint,RigidBodyPhysics,2,13,https://www.web3d.org/specifications/X3Dv4/ISO-IEC19775-1v4-IS/Part01/components/rigidBodyPhysics.html,https://www.web3d.org/specifications/X3Dv4/ISO-IEC19775-1v4-IS/Part01/components/rigidBodyPhysics.html#BallJoint,generated_cpp_bindings/x3d/nodes/BallJoint.hpp,CONF-RBP-JOINT-OUT,recorded_gap,Normative field/interface semantics and host results require sign-off
CollidableOffset,RigidBodyPhysics,1,15,https://www.web3d.org/specifications/X3Dv4/ISO-IEC19775-1v4-IS/Part01/components/rigidBodyPhysics.html,https://www.web3d.org/specifications/X3Dv4/ISO-IEC19775-1v4-IS/Part01/components/rigidBodyPhysics.html#CollidableOffset,generated_cpp_bindings/x3d/nodes/CollidableOffset.hpp,CONF-RBP-GEOM,recorded_gap,Normative field/interface semantics and host results require sign-off
CollidableShape,RigidBodyPhysics,1,15,https://www.web3d.org/specifications/X3Dv4/ISO-IEC19775-1v4-IS/Part01/components/rigidBodyPhysics.html,https://www.web3d.org/specifications/X3Dv4/ISO-IEC19775-1v4-IS/Part01/components/rigidBodyPhysics.html#CollidableShape,generated_cpp_bindings/x3d/nodes/CollidableShape.hpp,CONF-RBP-GEOM,recorded_gap,Normative field/interface semantics and host results require sign-off
CollisionCollection,RigidBodyPhysics,1,22,https://www.web3d.org/specifications/X3Dv4/ISO-IEC19775-1v4-IS/Part01/components/rigidBodyPhysics.html,https://www.web3d.org/specifications/X3Dv4/ISO-IEC19775-1v4-IS/Part01/components/rigidBodyPhysics.html#CollisionCollection,generated_cpp_bindings/x3d/nodes/CollisionCollection.hpp,,unverified,Normative field/interface semantics and host results require sign-off
CollisionSensor,RigidBodyPhysics,1,13,https://www.web3d.org/specifications/X3Dv4/ISO-IEC19775-1v4-IS/Part01/components/rigidBodyPhysics.html,https://www.web3d.org/specifications/X3Dv4/ISO-IEC19775-1v4-IS/Part01/components/rigidBodyPhysics.html#CollisionSensor,generated_cpp_bindings/x3d/nodes/CollisionSensor.hpp,,unverified,Normative field/interface semantics and host results require sign-off
CollisionSpace,RigidBodyPhysics,1,14,https://www.web3d.org/specifications/X3Dv4/ISO-IEC19775-1v4-IS/Part01/components/rigidBodyPhysics.html,https://www.web3d.org/specifications/X3Dv4/ISO-IEC19775-1v4-IS/Part01/components/rigidBodyPhysics.html#CollisionSpace,generated_cpp_bindings/x3d/nodes/CollisionSpace.hpp,,unverified,Normative field/interface semantics and host results require sign-off
Contact,RigidBodyPhysics,2,23,https://www.web3d.org/specifications/X3Dv4/ISO-IEC19775-1v4-IS/Part01/components/rigidBodyPhysics.html,https://www.web3d.org/specifications/X3Dv4/ISO-IEC19775-1v4-IS/Part01/components/rigidBodyPhysics.html#Contact,generated_cpp_bindings/x3d/nodes/Contact.hpp,,unverified,Normative field/interface semantics and host results require sign-off
DoubleAxisHingeJoint,RigidBodyPhysics,2,32,https://www.web3d.org/specifications/X3Dv4/ISO-IEC19775-1v4-IS/Part01/components/rigidBodyPhysics.html,https://www.web3d.org/specifications/X3Dv4/ISO-IEC19775-1v4-IS/Part01/components/rigidBodyPhysics.html#DoubleAxisHingeJoint,generated_cpp_bindings/x3d/nodes/DoubleAxisHingeJoint.hpp,CONF-RBP-JOINTS,recorded_gap,Normative field/interface semantics and host results require sign-off
MotorJoint,RigidBodyPhysics,2,33,https://www.web3d.org/specifications/X3Dv4/ISO-IEC19775-1v4-IS/Part01/components/rigidBodyPhysics.html,https://www.web3d.org/specifications/X3Dv4/ISO-IEC19775-1v4-IS/Part01/components/rigidBodyPhysics.html#MotorJoint,generated_cpp_bindings/x3d/nodes/MotorJoint.hpp,CONF-RBP-JOINTS,recorded_gap,Normative field/interface semantics and host results require sign-off
RigidBody,RigidBodyPhysics,2,34,https://www.web3d.org/specifications/X3Dv4/ISO-IEC19775-1v4-IS/Part01/components/rigidBodyPhysics.html,https://www.web3d.org/specifications/X3Dv4/ISO-IEC19775-1v4-IS/Part01/components/rigidBodyPhysics.html#RigidBody,generated_cpp_bindings/x3d/nodes/RigidBody.hpp,CONF-RBP-DAMP;CONF-RBP-INERTIA,recorded_gap,Normative field/interface semantics and host results require sign-off
RigidBodyCollection,RigidBodyPhysics,2,27,https://www.web3d.org/specifications/X3Dv4/ISO-IEC19775-1v4-IS/Part01/components/rigidBodyPhysics.html,https://www.web3d.org/specifications/X3Dv4/ISO-IEC19775-1v4-IS/Part01/components/rigidBodyPhysics.html#RigidBodyCollection,generated_cpp_bindings/x3d/nodes/RigidBodyCollection.hpp,CONF-RBP-SOLVER;CONF-RBP-CAP,recorded_gap,Normative field/interface semantics and host results require sign-off
SingleAxisHingeJoint,RigidBodyPhysics,2,20,https://www.web3d.org/specifications/X3Dv4/ISO-IEC19775-1v4-IS/Part01/components/rigidBodyPhysics.html,https://www.web3d.org/specifications/X3Dv4/ISO-IEC19775-1v4-IS/Part01/components/rigidBodyPhysics.html#SingleAxisHingeJoint,generated_cpp_bindings/x3d/nodes/SingleAxisHingeJoint.hpp,CONF-RBP-JOINT-OUT,recorded_gap,Normative field/interface semantics and host results require sign-off
SliderJoint,RigidBodyPhysics,2,18,https://www.web3d.org/specifications/X3Dv4/ISO-IEC19775-1v4-IS/Part01/components/rigidBodyPhysics.html,https://www.web3d.org/specifications/X3Dv4/ISO-IEC19775-1v4-IS/Part01/components/rigidBodyPhysics.html#SliderJoint,generated_cpp_bindings/x3d/nodes/SliderJoint.hpp,CONF-RBP-JOINT-OUT,recorded_gap,Normative field/interface semantics and host results require sign-off
UniversalJoint,RigidBodyPhysics,2,21,https://www.web3d.org/specifications/X3Dv4/ISO-IEC19775-1v4-IS/Part01/components/rigidBodyPhysics.html,https://www.web3d.org/specifications/X3Dv4/ISO-IEC19775-1v4-IS/Part01/components/rigidBodyPhysics.html#UniversalJoint,generated_cpp_bindings/x3d/nodes/UniversalJoint.hpp,CONF-RBP-JOINTS,recorded_gap,Normative field/interface semantics and host results require sign-off
Script,Scripting,1,16,https://www.web3d.org/specifications/X3Dv4/ISO-IEC19775-1v4-IS/Part01/components/scripting.html,https://www.web3d.org/specifications/X3Dv4/ISO-IEC19775-1v4-IS/Part01/components/scripting.html#Script,generated_cpp_bindings/x3d/nodes/Script.hpp,REQ-JAVA;REQ-FTP,recorded_gap,Normative field/interface semantics and host results require sign-off
ComposedShader,Shaders,1,13,https://www.web3d.org/specifications/X3Dv4/ISO-IEC19775-1v4-IS/Part01/components/shaders.html,https://www.web3d.org/specifications/X3Dv4/ISO-IEC19775-1v4-IS/Part01/components/shaders.html#ComposedShader,generated_cpp_bindings/x3d/nodes/ComposedShader.hpp,REQ-SHADER-2,recorded_gap,Normative field/interface semantics and host results require sign-off
FloatVertexAttribute,Shaders,1,10,https://www.web3d.org/specifications/X3Dv4/ISO-IEC19775-1v4-IS/Part01/components/shaders.html,https://www.web3d.org/specifications/X3Dv4/ISO-IEC19775-1v4-IS/Part01/components/shaders.html#FloatVertexAttribute,generated_cpp_bindings/x3d/nodes/FloatVertexAttribute.hpp,,unverified,Normative field/interface semantics and host results require sign-off
Matrix3VertexAttribute,Shaders,1,9,https://www.web3d.org/specifications/X3Dv4/ISO-IEC19775-1v4-IS/Part01/components/shaders.html,https://www.web3d.org/specifications/X3Dv4/ISO-IEC19775-1v4-IS/Part01/components/shaders.html#Matrix3VertexAttribute,generated_cpp_bindings/x3d/nodes/Matrix3VertexAttribute.hpp,,unverified,Normative field/interface semantics and host results require sign-off
Matrix4VertexAttribute,Shaders,1,9,https://www.web3d.org/specifications/X3Dv4/ISO-IEC19775-1v4-IS/Part01/components/shaders.html,https://www.web3d.org/specifications/X3Dv4/ISO-IEC19775-1v4-IS/Part01/components/shaders.html#Matrix4VertexAttribute,generated_cpp_bindings/x3d/nodes/Matrix4VertexAttribute.hpp,,unverified,Normative field/interface semantics and host results require sign-off
PackagedShader,Shaders,1,17,https://www.web3d.org/specifications/X3Dv4/ISO-IEC19775-1v4-IS/Part01/components/shaders.html,https://www.web3d.org/specifications/X3Dv4/ISO-IEC19775-1v4-IS/Part01/components/shaders.html#PackagedShader,generated_cpp_bindings/x3d/nodes/PackagedShader.hpp,REQ-FTP,recorded_gap,Normative field/interface semantics and host results require sign-off
ProgramShader,Shaders,1,12,https://www.web3d.org/specifications/X3Dv4/ISO-IEC19775-1v4-IS/Part01/components/shaders.html,https://www.web3d.org/specifications/X3Dv4/ISO-IEC19775-1v4-IS/Part01/components/shaders.html#ProgramShader,generated_cpp_bindings/x3d/nodes/ProgramShader.hpp,REQ-SHADER-2,recorded_gap,Normative field/interface semantics and host results require sign-off
ShaderPart,Shaders,1,14,https://www.web3d.org/specifications/X3Dv4/ISO-IEC19775-1v4-IS/Part01/components/shaders.html,https://www.web3d.org/specifications/X3Dv4/ISO-IEC19775-1v4-IS/Part01/components/shaders.html#ShaderPart,generated_cpp_bindings/x3d/nodes/ShaderPart.hpp,REQ-FTP,recorded_gap,Normative field/interface semantics and host results require sign-off
ShaderProgram,Shaders,1,15,https://www.web3d.org/specifications/X3Dv4/ISO-IEC19775-1v4-IS/Part01/components/shaders.html,https://www.web3d.org/specifications/X3Dv4/ISO-IEC19775-1v4-IS/Part01/components/shaders.html#ShaderProgram,generated_cpp_bindings/x3d/nodes/ShaderProgram.hpp,REQ-SHADER-2;REQ-FTP,recorded_gap,Normative field/interface semantics and host results require sign-off
AcousticProperties,Shape,5,13,https://www.web3d.org/specifications/X3Dv4/ISO-IEC19775-1v4-IS/Part01/components/shape.html,https://www.web3d.org/specifications/X3Dv4/ISO-IEC19775-1v4-IS/Part01/components/shape.html#AcousticProperties,generated_cpp_bindings/x3d/nodes/AcousticProperties.hpp,,unverified,Normative field/interface semantics and host results require sign-off
Appearance,Shape,1,18,https://www.web3d.org/specifications/X3Dv4/ISO-IEC19775-1v4-IS/Part01/components/shape.html,https://www.web3d.org/specifications/X3Dv4/ISO-IEC19775-1v4-IS/Part01/components/shape.html#Appearance,generated_cpp_bindings/x3d/nodes/Appearance.hpp,,unverified,Normative field/interface semantics and host results require sign-off
FillProperties,Shape,3,11,https://www.web3d.org/specifications/X3Dv4/ISO-IEC19775-1v4-IS/Part01/components/shape.html,https://www.web3d.org/specifications/X3Dv4/ISO-IEC19775-1v4-IS/Part01/components/shape.html#FillProperties,generated_cpp_bindings/x3d/nodes/FillProperties.hpp,,unverified,Normative field/interface semantics and host results require sign-off
LineProperties,Shape,2,10,https://www.web3d.org/specifications/X3Dv4/ISO-IEC19775-1v4-IS/Part01/components/shape.html,https://www.web3d.org/specifications/X3Dv4/ISO-IEC19775-1v4-IS/Part01/components/shape.html#LineProperties,generated_cpp_bindings/x3d/nodes/LineProperties.hpp,,unverified,Normative field/interface semantics and host results require sign-off
Material,Shape,1,29,https://www.web3d.org/specifications/X3Dv4/ISO-IEC19775-1v4-IS/Part01/components/shape.html,https://www.web3d.org/specifications/X3Dv4/ISO-IEC19775-1v4-IS/Part01/components/shape.html#Material,generated_cpp_bindings/x3d/nodes/Material.hpp,,unverified,Normative field/interface semantics and host results require sign-off
PhysicalMaterial,Shape,2,24,https://www.web3d.org/specifications/X3Dv4/ISO-IEC19775-1v4-IS/Part01/components/shape.html,https://www.web3d.org/specifications/X3Dv4/ISO-IEC19775-1v4-IS/Part01/components/shape.html#PhysicalMaterial,generated_cpp_bindings/x3d/nodes/PhysicalMaterial.hpp,,unverified,Normative field/interface semantics and host results require sign-off
PointProperties,Shape,5,11,https://www.web3d.org/specifications/X3Dv4/ISO-IEC19775-1v4-IS/Part01/components/shape.html,https://github.com/Web3DConsortium/X3D/blob/master/ISO-IEC19775/ISO-IEC19775-1/ISO-IEC19775-1v4.0/ISO-IEC19775-1v4-WD1/Part01/components/shape.html,generated_cpp_bindings/x3d/nodes/PointProperties.hpp,,unverified,Normative field/interface semantics and host results require sign-off
Shape,Shape,1,14,https://www.web3d.org/specifications/X3Dv4/ISO-IEC19775-1v4-IS/Part01/components/shape.html,https://www.web3d.org/specifications/X3Dv4/ISO-IEC19775-1v4-IS/Part01/components/shape.html#Shape,generated_cpp_bindings/x3d/nodes/Shape.hpp,,unverified,Normative field/interface semantics and host results require sign-off
TwoSidedMaterial,Shape,4,20,https://www.web3d.org/specifications/X3Dv4/ISO-IEC19775-1v4-IS/Part01/components/shape.html,https://www.web3d.org/specifications/X3Dv4/ISO-IEC19775-1v4-IS/Part01/components/shape.html#TwoSidedMaterial,generated_cpp_bindings/x3d/nodes/TwoSidedMaterial.hpp,,unverified,Normative field/interface semantics and host results require sign-off
UnlitMaterial,Shape,1,14,https://www.web3d.org/specifications/X3Dv4/ISO-IEC19775-1v4-IS/Part01/components/shape.html,https://www.web3d.org/specifications/X3Dv4/ISO-IEC19775-1v4-IS/Part01/components/shape.html#UnlitMaterial,generated_cpp_bindings/x3d/nodes/UnlitMaterial.hpp,,unverified,Normative field/interface semantics and host results require sign-off
Analyser,Sound,2,27,https://www.web3d.org/specifications/X3Dv4/ISO-IEC19775-1v4-IS/Part01/components/sound.html,https://www.web3d.org/specifications/X3Dv4/ISO-IEC19775-1v4-IS/Part01/components/sound.html#Analyser,generated_cpp_bindings/x3d/nodes/Analyser.hpp,SND-1;SND-5;SND-8,recorded_gap,Normative field/interface semantics and host results require sign-off
AudioClip,Sound,1,24,https://www.web3d.org/specifications/X3Dv4/ISO-IEC19775-1v4-IS/Part01/components/sound.html,https://www.web3d.org/specifications/X3Dv4/ISO-IEC19775-1v4-IS/Part01/components/sound.html#AudioClip,generated_cpp_bindings/x3d/nodes/AudioClip.hpp,SND-1;SND-4;REQ-FTP,recorded_gap,Normative field/interface semantics and host results require sign-off
AudioDestination,Sound,2,17,https://www.web3d.org/specifications/X3Dv4/ISO-IEC19775-1v4-IS/Part01/components/sound.html,https://www.web3d.org/specifications/X3Dv4/ISO-IEC19775-1v4-IS/Part01/components/sound.html#AudioDestination,generated_cpp_bindings/x3d/nodes/AudioDestination.hpp,,unverified,Normative field/interface semantics and host results require sign-off
BiquadFilter,Sound,2,26,https://www.web3d.org/specifications/X3Dv4/ISO-IEC19775-1v4-IS/Part01/components/sound.html,https://www.web3d.org/specifications/X3Dv4/ISO-IEC19775-1v4-IS/Part01/components/sound.html#BiquadFilter,generated_cpp_bindings/x3d/nodes/BiquadFilter.hpp,SND-1;SND-5;SND-8,recorded_gap,Normative field/interface semantics and host results require sign-off
BufferAudioSource,Sound,2,35,https://www.web3d.org/specifications/X3Dv4/ISO-IEC19775-1v4-IS/Part01/components/sound.html,https://www.web3d.org/specifications/X3Dv4/ISO-IEC19775-1v4-IS/Part01/components/sound.html#BufferAudioSource,generated_cpp_bindings/x3d/nodes/BufferAudioSource.hpp,SND-1;SND-4;REQ-FTP,recorded_gap,Normative field/interface semantics and host results require sign-off
ChannelMerger,Sound,2,14,https://www.web3d.org/specifications/X3Dv4/ISO-IEC19775-1v4-IS/Part01/components/sound.html,https://www.web3d.org/specifications/X3Dv4/ISO-IEC19775-1v4-IS/Part01/components/sound.html#ChannelMerger,generated_cpp_bindings/x3d/nodes/ChannelMerger.hpp,SND-6,recorded_gap,Normative field/interface semantics and host results require sign-off
ChannelSelector,Sound,2,15,https://www.web3d.org/specifications/X3Dv4/ISO-IEC19775-1v4-IS/Part01/components/sound.html,https://www.web3d.org/specifications/X3Dv4/ISO-IEC19775-1v4-IS/Part01/components/sound.html#ChannelSelector,generated_cpp_bindings/x3d/nodes/ChannelSelector.hpp,SND-6,recorded_gap,Normative field/interface semantics and host results require sign-off
ChannelSplitter,Sound,2,15,https://www.web3d.org/specifications/X3Dv4/ISO-IEC19775-1v4-IS/Part01/components/sound.html,https://www.web3d.org/specifications/X3Dv4/ISO-IEC19775-1v4-IS/Part01/components/sound.html#ChannelSplitter,generated_cpp_bindings/x3d/nodes/ChannelSplitter.hpp,SND-6,recorded_gap,Normative field/interface semantics and host results require sign-off
Convolver,Sound,2,24,https://www.web3d.org/specifications/X3Dv4/ISO-IEC19775-1v4-IS/Part01/components/sound.html,https://www.web3d.org/specifications/X3Dv4/ISO-IEC19775-1v4-IS/Part01/components/sound.html#Convolver,generated_cpp_bindings/x3d/nodes/Convolver.hpp,SND-1;SND-5;SND-8,recorded_gap,Normative field/interface semantics and host results require sign-off
Delay,Sound,2,24,https://www.web3d.org/specifications/X3Dv4/ISO-IEC19775-1v4-IS/Part01/components/sound.html,https://www.web3d.org/specifications/X3Dv4/ISO-IEC19775-1v4-IS/Part01/components/sound.html#Delay,generated_cpp_bindings/x3d/nodes/Delay.hpp,SND-1;SND-5;SND-8,recorded_gap,Normative field/interface semantics and host results require sign-off
DynamicsCompressor,Sound,2,28,https://www.web3d.org/specifications/X3Dv4/ISO-IEC19775-1v4-IS/Part01/components/sound.html,https://www.web3d.org/specifications/X3Dv4/ISO-IEC19775-1v4-IS/Part01/components/sound.html#DynamicsCompressor,generated_cpp_bindings/x3d/nodes/DynamicsCompressor.hpp,SND-1;SND-5;SND-8,recorded_gap,Normative field/interface semantics and host results require sign-off
Gain,Sound,2,22,https://www.web3d.org/specifications/X3Dv4/ISO-IEC19775-1v4-IS/Part01/components/sound.html,https://www.web3d.org/specifications/X3Dv4/ISO-IEC19775-1v4-IS/Part01/components/sound.html#Gain,generated_cpp_bindings/x3d/nodes/Gain.hpp,SND-1;SND-5;SND-8,recorded_gap,Normative field/interface semantics and host results require sign-off
ListenerPointSource,Sound,2,22,https://www.web3d.org/specifications/X3Dv4/ISO-IEC19775-1v4-IS/Part01/components/sound.html,https://www.web3d.org/specifications/X3Dv4/ISO-IEC19775-1v4-IS/Part01/components/sound.html#ListenerPointSource,generated_cpp_bindings/x3d/nodes/ListenerPointSource.hpp,SND-1;SND-3;SND-4,recorded_gap,Normative field/interface semantics and host results require sign-off
MicrophoneSource,Sound,2,18,https://www.web3d.org/specifications/X3Dv4/ISO-IEC19775-1v4-IS/Part01/components/sound.html,https://www.web3d.org/specifications/X3Dv4/ISO-IEC19775-1v4-IS/Part01/components/sound.html#MicrophoneSource,generated_cpp_bindings/x3d/nodes/MicrophoneSource.hpp,SND-1;SND-4,recorded_gap,Normative field/interface semantics and host results require sign-off
OscillatorSource,Sound,2,19,https://www.web3d.org/specifications/X3Dv4/ISO-IEC19775-1v4-IS/Part01/components/sound.html,https://www.web3d.org/specifications/X3Dv4/ISO-IEC19775-1v4-IS/Part01/components/sound.html#OscillatorSource,generated_cpp_bindings/x3d/nodes/OscillatorSource.hpp,SND-1;SND-4;SND-9,recorded_gap,Normative field/interface semantics and host results require sign-off
PeriodicWave,Sound,2,12,https://www.web3d.org/specifications/X3Dv4/ISO-IEC19775-1v4-IS/Part01/components/sound.html,https://www.web3d.org/specifications/X3Dv4/ISO-IEC19775-1v4-IS/Part01/components/sound.html#PeriodicWave,generated_cpp_bindings/x3d/nodes/PeriodicWave.hpp,SND-9,recorded_gap,Normative field/interface semantics and host results require sign-off
Sound,Sound,1,19,https://www.web3d.org/specifications/X3Dv4/ISO-IEC19775-1v4-IS/Part01/components/sound.html,https://www.web3d.org/specifications/X3Dv4/ISO-IEC19775-1v4-IS/Part01/components/sound.html#Sound,generated_cpp_bindings/x3d/nodes/Sound.hpp,,unverified,Normative field/interface semantics and host results require sign-off
SpatialSound,Sound,2,25,https://www.web3d.org/specifications/X3Dv4/ISO-IEC19775-1v4-IS/Part01/components/sound.html,https://www.web3d.org/specifications/X3Dv4/ISO-IEC19775-1v4-IS/Part01/components/sound.html#Sound,generated_cpp_bindings/x3d/nodes/SpatialSound.hpp,SND-3,recorded_gap,Normative field/interface semantics and host results require sign-off
StreamAudioDestination,Sound,2,17,https://www.web3d.org/specifications/X3Dv4/ISO-IEC19775-1v4-IS/Part01/components/sound.html,https://www.web3d.org/specifications/X3Dv4/ISO-IEC19775-1v4-IS/Part01/components/sound.html#StreamAudioDestination,generated_cpp_bindings/x3d/nodes/StreamAudioDestination.hpp,,unverified,Normative field/interface semantics and host results require sign-off
StreamAudioSource,Sound,2,20,https://www.web3d.org/specifications/X3Dv4/ISO-IEC19775-1v4-IS/Part01/components/sound.html,https://www.web3d.org/specifications/X3Dv4/ISO-IEC19775-1v4-IS/Part01/components/sound.html#StreamAudioSource,generated_cpp_bindings/x3d/nodes/StreamAudioSource.hpp,SND-1;SND-4,recorded_gap,Normative field/interface semantics and host results require sign-off
WaveShaper,Sound,2,23,https://www.web3d.org/specifications/X3Dv4/ISO-IEC19775-1v4-IS/Part01/components/sound.html,https://www.web3d.org/specifications/X3Dv4/ISO-IEC19775-1v4-IS/Part01/components/sound.html#WaveShaper,generated_cpp_bindings/x3d/nodes/WaveShaper.hpp,SND-1;SND-5;SND-8,recorded_gap,Normative field/interface semantics and host results require sign-off
FontStyle,Text,1,15,https://www.web3d.org/specifications/X3Dv4/ISO-IEC19775-1v4-IS/Part01/components/text.html,https://www.web3d.org/specifications/X3Dv4/ISO-IEC19775-1v4-IS/Part01/components/text.html#FontStyle,generated_cpp_bindings/x3d/nodes/FontStyle.hpp,,unverified,Normative field/interface semantics and host results require sign-off
Text,Text,1,15,https://www.web3d.org/specifications/X3Dv4/ISO-IEC19775-1v4-IS/Part01/components/text.html,https://www.web3d.org/specifications/X3Dv4/ISO-IEC19775-1v4-IS/Part01/components/text.html#Text,generated_cpp_bindings/x3d/nodes/Text.hpp,,unverified,Normative field/interface semantics and host results require sign-off
TextureProjector,TextureProjection,2,23,https://www.web3d.org/specifications/X3Dv4/ISO-IEC19775-1v4-IS/Part01/components/textureProjection.html,https://www.web3d.org/specifications/X3Dv4/ISO-IEC19775-1v4-IS/Part01/components/textureProjector.html#TextureProjector,generated_cpp_bindings/x3d/nodes/TextureProjector.hpp,REQ-PROJECTION,recorded_gap,Normative field/interface semantics and host results require sign-off
TextureProjectorParallel,TextureProjection,2,22,https://www.web3d.org/specifications/X3Dv4/ISO-IEC19775-1v4-IS/Part01/components/textureProjection.html,https://www.web3d.org/specifications/X3Dv4/ISO-IEC19775-1v4-IS/Part01/components/textureProjector.html#TextureProjectorParallel,generated_cpp_bindings/x3d/nodes/TextureProjectorParallel.hpp,REQ-PROJECTION,recorded_gap,Normative field/interface semantics and host results require sign-off
ImageTexture,Texturing,1,15,https://www.web3d.org/specifications/X3Dv4/ISO-IEC19775-1v4-IS/Part01/components/texturing.html,https://www.web3d.org/specifications/X3Dv4/ISO-IEC19775-1v4-IS/Part01/components/texturing.html#ImageTexture,generated_cpp_bindings/x3d/nodes/ImageTexture.hpp,REQ-FTP,recorded_gap,Normative field/interface semantics and host results require sign-off
MovieTexture,Texturing,3,28,https://www.web3d.org/specifications/X3Dv4/ISO-IEC19775-1v4-IS/Part01/components/texturing.html,https://www.web3d.org/specifications/X3Dv4/ISO-IEC19775-1v4-IS/Part01/components/texturing.html#MovieTexture,generated_cpp_bindings/x3d/nodes/MovieTexture.hpp,SND-1;SND-4;REQ-FTP,recorded_gap,Normative field/interface semantics and host results require sign-off
MultiTexture,Texturing,2,14,https://www.web3d.org/specifications/X3Dv4/ISO-IEC19775-1v4-IS/Part01/components/texturing.html,https://www.web3d.org/specifications/X3Dv4/ISO-IEC19775-1v4-IS/Part01/components/texturing.html#MultiTexture,generated_cpp_bindings/x3d/nodes/MultiTexture.hpp,REQ-MULTITEXTURE,recorded_gap,Normative field/interface semantics and host results require sign-off
MultiTextureCoordinate,Texturing,2,8,https://www.web3d.org/specifications/X3Dv4/ISO-IEC19775-1v4-IS/Part01/components/texturing.html,https://www.web3d.org/specifications/X3Dv4/ISO-IEC19775-1v4-IS/Part01/components/texturing.html#MultiTextureCoordinate,generated_cpp_bindings/x3d/nodes/MultiTextureCoordinate.hpp,REQ-MULTITEXTURE,recorded_gap,Normative field/interface semantics and host results require sign-off
MultiTextureTransform,Texturing,2,8,https://www.web3d.org/specifications/X3Dv4/ISO-IEC19775-1v4-IS/Part01/components/texturing.html,https://www.web3d.org/specifications/X3Dv4/ISO-IEC19775-1v4-IS/Part01/components/texturing.html#MultiTextureTransform,generated_cpp_bindings/x3d/nodes/MultiTextureTransform.hpp,REQ-MULTITEXTURE,recorded_gap,Normative field/interface semantics and host results require sign-off
PixelTexture,Texturing,1,12,https://www.web3d.org/specifications/X3Dv4/ISO-IEC19775-1v4-IS/Part01/components/texturing.html,https://www.web3d.org/specifications/X3Dv4/ISO-IEC19775-1v4-IS/Part01/components/texturing.html#PixelTexture,generated_cpp_bindings/x3d/nodes/PixelTexture.hpp,,unverified,Normative field/interface semantics and host results require sign-off
TextureCoordinate,Texturing,1,9,https://www.web3d.org/specifications/X3Dv4/ISO-IEC19775-1v4-IS/Part01/components/texturing.html,https://www.web3d.org/specifications/X3Dv4/ISO-IEC19775-1v4-IS/Part01/components/texturing.html#TextureCoordinate,generated_cpp_bindings/x3d/nodes/TextureCoordinate.hpp,,unverified,Normative field/interface semantics and host results require sign-off
TextureCoordinateGenerator,Texturing,2,10,https://www.web3d.org/specifications/X3Dv4/ISO-IEC19775-1v4-IS/Part01/components/texturing.html,https://www.web3d.org/specifications/X3Dv4/ISO-IEC19775-1v4-IS/Part01/components/texturing.html#TextureCoordinateGenerator,generated_cpp_bindings/x3d/nodes/TextureCoordinateGenerator.hpp,,unverified,Normative field/interface semantics and host results require sign-off
TextureProperties,Texturing,2,18,https://www.web3d.org/specifications/X3Dv4/ISO-IEC19775-1v4-IS/Part01/components/texturing.html,https://www.web3d.org/specifications/X3Dv4/ISO-IEC19775-1v4-IS/Part01/components/texturing.html#TextureProperties,generated_cpp_bindings/x3d/nodes/TextureProperties.hpp,,unverified,Normative field/interface semantics and host results require sign-off
TextureTransform,Texturing,1,12,https://www.web3d.org/specifications/X3Dv4/ISO-IEC19775-1v4-IS/Part01/components/texturing.html,https://www.web3d.org/specifications/X3Dv4/ISO-IEC19775-1v4-IS/Part01/components/texturing.html#TextureTransform,generated_cpp_bindings/x3d/nodes/TextureTransform.hpp,,unverified,Normative field/interface semantics and host results require sign-off
ComposedTexture3D,Texturing3D,1,13,https://www.web3d.org/specifications/X3Dv4/ISO-IEC19775-1v4-IS/Part01/components/texture3D.html,https://www.web3d.org/specifications/X3Dv4/ISO-IEC19775-1v4-IS/Part01/components/texture3D.html#ComposedTexture3D,generated_cpp_bindings/x3d/nodes/ComposedTexture3D.hpp,T3D-1,recorded_gap,Normative field/interface semantics and host results require sign-off
ImageTexture3D,Texturing3D,2,16,https://www.web3d.org/specifications/X3Dv4/ISO-IEC19775-1v4-IS/Part01/components/texture3D.html,https://www.web3d.org/specifications/X3Dv4/ISO-IEC19775-1v4-IS/Part01/components/texture3D.html#ImageTexture3D,generated_cpp_bindings/x3d/nodes/ImageTexture3D.hpp,T3D-1;REQ-FTP,recorded_gap,Normative field/interface semantics and host results require sign-off
PixelTexture3D,Texturing3D,1,13,https://www.web3d.org/specifications/X3Dv4/ISO-IEC19775-1v4-IS/Part01/components/texture3D.html,https://www.web3d.org/specifications/X3Dv4/ISO-IEC19775-1v4-IS/Part01/components/texture3D.html#PixelTexture3D,generated_cpp_bindings/x3d/nodes/PixelTexture3D.hpp,T3D-1,recorded_gap,Normative field/interface semantics and host results require sign-off
TextureCoordinate3D,Texturing3D,1,9,https://www.web3d.org/specifications/X3Dv4/ISO-IEC19775-1v4-IS/Part01/components/texture3D.html,https://www.web3d.org/specifications/X3Dv4/ISO-IEC19775-1v4-IS/Part01/components/texture3D.html#TextureCoordinate3D,generated_cpp_bindings/x3d/nodes/TextureCoordinate3D.hpp,,unverified,Normative field/interface semantics and host results require sign-off
TextureCoordinate4D,Texturing3D,1,9,https://www.web3d.org/specifications/X3Dv4/ISO-IEC19775-1v4-IS/Part01/components/texture3D.html,https://www.web3d.org/specifications/X3Dv4/ISO-IEC19775-1v4-IS/Part01/components/texture3D.html#TextureCoordinate4D,generated_cpp_bindings/x3d/nodes/TextureCoordinate4D.hpp,,unverified,Normative field/interface semantics and host results require sign-off
TextureTransform3D,Texturing3D,1,12,https://www.web3d.org/specifications/X3Dv4/ISO-IEC19775-1v4-IS/Part01/components/texture3D.html,https://www.web3d.org/specifications/X3Dv4/ISO-IEC19775-1v4-IS/Part01/components/texture3D.html#TextureTransform3D,generated_cpp_bindings/x3d/nodes/TextureTransform3D.hpp,,unverified,Normative field/interface semantics and host results require sign-off
TextureTransformMatrix3D,Texturing3D,1,9,https://www.web3d.org/specifications/X3Dv4/ISO-IEC19775-1v4-IS/Part01/components/texture3D.html,https://www.web3d.org/specifications/X3Dv4/ISO-IEC19775-1v4-IS/Part01/components/texture3D.html#TextureTransformMatrix3D,generated_cpp_bindings/x3d/nodes/TextureTransformMatrix3D.hpp,,unverified,Normative field/interface semantics and host results require sign-off
TimeSensor,Time,1,21,https://www.web3d.org/specifications/X3Dv4/ISO-IEC19775-1v4-IS/Part01/components/time.html,https://www.web3d.org/specifications/X3Dv4/ISO-IEC19775-1v4-IS/Part01/components/time.html#TimeSensor,generated_cpp_bindings/x3d/nodes/TimeSensor.hpp,,unverified,Normative field/interface semantics and host results require sign-off
BlendedVolumeStyle,VolumeRendering,3,16,https://www.web3d.org/specifications/X3Dv4/ISO-IEC19775-1v4-IS/Part01/components/volume.html,https://www.web3d.org/specifications/X3Dv4/ISO-IEC19775-1v4-IS/Part01/components/volume.html#BlendedVolumeStyle,generated_cpp_bindings/x3d/nodes/BlendedVolumeStyle.hpp,VOL-1,recorded_gap,Normative field/interface semantics and host results require sign-off
BoundaryEnhancementVolumeStyle,VolumeRendering,2,11,https://www.web3d.org/specifications/X3Dv4/ISO-IEC19775-1v4-IS/Part01/components/volume.html,https://www.web3d.org/specifications/X3Dv4/ISO-IEC19775-1v4-IS/Part01/components/volume.html#BoundaryEnhancementVolumeStyle,generated_cpp_bindings/x3d/nodes/BoundaryEnhancementVolumeStyle.hpp,VOL-1,recorded_gap,Normative field/interface semantics and host results require sign-off
CartoonVolumeStyle,VolumeRendering,3,12,https://www.web3d.org/specifications/X3Dv4/ISO-IEC19775-1v4-IS/Part01/components/volume.html,https://www.web3d.org/specifications/X3Dv4/ISO-IEC19775-1v4-IS/Part01/components/volume.html#CartoonVolumeStyle,generated_cpp_bindings/x3d/nodes/CartoonVolumeStyle.hpp,VOL-1,recorded_gap,Normative field/interface semantics and host results require sign-off
ComposedVolumeStyle,VolumeRendering,3,9,https://www.web3d.org/specifications/X3Dv4/ISO-IEC19775-1v4-IS/Part01/components/volume.html,https://www.web3d.org/specifications/X3Dv4/ISO-IEC19775-1v4-IS/Part01/components/volume.html#ComposedVolumeStyle,generated_cpp_bindings/x3d/nodes/ComposedVolumeStyle.hpp,VOL-1,recorded_gap,Normative field/interface semantics and host results require sign-off
EdgeEnhancementVolumeStyle,VolumeRendering,2,11,https://www.web3d.org/specifications/X3Dv4/ISO-IEC19775-1v4-IS/Part01/components/volume.html,https://www.web3d.org/specifications/X3Dv4/ISO-IEC19775-1v4-IS/Part01/components/volume.html#EdgeEnhancementVolumeStyle,generated_cpp_bindings/x3d/nodes/EdgeEnhancementVolumeStyle.hpp,VOL-1,recorded_gap,Normative field/interface semantics and host results require sign-off
IsoSurfaceVolumeData,VolumeRendering,2,18,https://www.web3d.org/specifications/X3Dv4/ISO-IEC19775-1v4-IS/Part01/components/volume.html,https://www.web3d.org/specifications/X3Dv4/ISO-IEC19775-1v4-IS/Part01/components/volume.html#IsoSurfaceVolumeData,generated_cpp_bindings/x3d/nodes/IsoSurfaceVolumeData.hpp,VOL-1,recorded_gap,Normative field/interface semantics and host results require sign-off
OpacityMapVolumeStyle,VolumeRendering,1,9,https://www.web3d.org/specifications/X3Dv4/ISO-IEC19775-1v4-IS/Part01/components/volume.html,https://www.web3d.org/specifications/X3Dv4/ISO-IEC19775-1v4-IS/Part01/components/volume.html#OpacityMapVolumeStyle,generated_cpp_bindings/x3d/nodes/OpacityMapVolumeStyle.hpp,VOL-1,recorded_gap,Normative field/interface semantics and host results require sign-off
ProjectionVolumeStyle,VolumeRendering,2,10,https://www.web3d.org/specifications/X3Dv4/ISO-IEC19775-1v4-IS/Part01/components/volume.html,https://www.web3d.org/specifications/X3Dv4/ISO-IEC19775-1v4-IS/Part01/components/volume.html#ProjectionVolumeStyle,generated_cpp_bindings/x3d/nodes/ProjectionVolumeStyle.hpp,VOL-1,recorded_gap,Normative field/interface semantics and host results require sign-off
SegmentedVolumeData,VolumeRendering,2,16,https://www.web3d.org/specifications/X3Dv4/ISO-IEC19775-1v4-IS/Part01/components/volume.html,https://www.web3d.org/specifications/X3Dv4/ISO-IEC19775-1v4-IS/Part01/components/volume.html#SegmentedVolumeData,generated_cpp_bindings/x3d/nodes/SegmentedVolumeData.hpp,VOL-1,recorded_gap,Normative field/interface semantics and host results require sign-off
ShadedVolumeStyle,VolumeRendering,3,13,https://www.web3d.org/specifications/X3Dv4/ISO-IEC19775-1v4-IS/Part01/components/volume.html,https://www.web3d.org/specifications/X3Dv4/ISO-IEC19775-1v4-IS/Part01/components/volume.html#ShadedVolumeStyle,generated_cpp_bindings/x3d/nodes/ShadedVolumeStyle.hpp,VOL-1,recorded_gap,Normative field/interface semantics and host results require sign-off
SilhouetteEnhancementVolumeStyle,VolumeRendering,2,12,https://www.web3d.org/specifications/X3Dv4/ISO-IEC19775-1v4-IS/Part01/components/volume.html,https://www.web3d.org/specifications/X3Dv4/ISO-IEC19775-1v4-IS/Part01/components/volume.html#SilhouetteEnhancementVolumeStyle,generated_cpp_bindings/x3d/nodes/SilhouetteEnhancementVolumeStyle.hpp,VOL-1,recorded_gap,Normative field/interface semantics and host results require sign-off
ToneMappedVolumeStyle,VolumeRendering,2,11,https://www.web3d.org/specifications/X3Dv4/ISO-IEC19775-1v4-IS/Part01/components/volume.html,https://www.web3d.org/specifications/X3Dv4/ISO-IEC19775-1v4-IS/Part01/components/volume.html#ToneMappedVolumeStyle,generated_cpp_bindings/x3d/nodes/ToneMappedVolumeStyle.hpp,VOL-1,recorded_gap,Normative field/interface semantics and host results require sign-off
VolumeData,VolumeRendering,1,14,https://www.web3d.org/specifications/X3Dv4/ISO-IEC19775-1v4-IS/Part01/components/volume.html,https://www.web3d.org/specifications/X3Dv4/ISO-IEC19775-1v4-IS/Part01/components/volume.html#VolumeData,generated_cpp_bindings/x3d/nodes/VolumeData.hpp,VOL-1,recorded_gap,Normative field/interface semantics and host results require sign-off
